rank,percentile,ensemble_score,investment_tier,molecule_id,molecule,manufacturer,country,sector,revenue_growth_%,revenue_growth,market_size_$M,competition_count,market_share_%,volatility,opportunity_score,risk_score,confidence_level,ml_classification,market_segment,key_drivers,risks,entry_strategy
1.0,97.95918367346938,70.0,Moderate,AKUMS DRUGS&PHARMA_VALPROIC ACID_VIETNAM,VALPROIC ACID,AKUMS DRUGS&PHARMA,VIETNAM,HOSPITAL,146.2,146.2,0.0,19,17.2,2.137,78.5,31.6,Medium,Medium,GROWTH,Strong growth (146%) | Niche market ($0.0M) | Share position (17.2%) | Fragmented market (19 competitors) | Price erosion (-53.1%) | High volatility across MAT periods,High volatility: unstable MAT trajectory across periods | Generic erosion pressure: price decline with volume expansion | Limited market size: constrained opportunity and thin liquidity,NICHE_PARTNERSHIP
2.0,97.95918367346938,70.0,Moderate,DANAPHA (TW5)_LEVETIRACETAM_VIETNAM,LEVETIRACETAM,DANAPHA (TW5),VIETNAM,HOSPITAL,23.2,23.2,0.4,14,31.7,0.139,64.1,29.2,Medium,Medium,GROWTH,Stable-to-moderate growth (23%) | Niche market ($0.4M) | Share position (31.7%) | Competitive market (14 competitors),Limited market size: constrained opportunity and thin liquidity,NICHE_PARTNERSHIP
3.0,97.95918367346938,70.0,High Potential,DANAPHA (TW5)_VALPROIC ACID_VIETNAM,VALPROIC ACID,DANAPHA (TW5),VIETNAM,HOSPITAL,500.0,500.0,0.1,14,31.7,3.308,54.6,30.9,High,Medium,MATURE,Strong growth (500%) | Niche market ($0.1M) | Share position (31.7%) | Competitive market (14 competitors) | High volatility across MAT periods,High volatility: unstable MAT trajectory across periods | Generic erosion pressure: price decline with volume expansion | Limited market size: constrained opportunity and thin liquidity,NICHE_PARTNERSHIP
4.0,97.95918367346938,70.0,Moderate,GSK_LEVETIRACETAM_VIETNAM,LEVETIRACETAM,GSK,VIETNAM,HOSPITAL,500.0,500.0,0.1,7,12.3,11.969,54.4,27.9,High,Medium,MATURE,Strong growth (500%) | Niche market ($0.1M) | Share position (12.3%) | Competitive market (7 competitors) | High volatility across MAT periods,High volatility: unstable MAT trajectory across periods | Generic erosion pressure: price decline with volume expansion | Limited market size: constrained opportunity and thin liquidity,NICHE_PARTNERSHIP
5.0,97.95918367346938,70.0,Avoid,SANOFI_VALPROIC ACID_VIETNAM,VALPROIC ACID,SANOFI,VIETNAM,HOSPITAL,-15.0,-15.0,1.4,7,21.1,0.115,65.8,31.0,Medium,Medium,MATURE,Declining demand (-15%) | Niche market ($1.4M) | Share position (21.1%) | Competitive market (7 competitors),None identified,MONITOR
6.0,97.95918367346938,70.0,Avoid,SUN PHARMA_VALPROIC ACID_VIETNAM,VALPROIC ACID,SUN PHARMA,VIETNAM,HOSPITAL,-12.2,-12.2,0.4,7,21.1,0.736,75.2,31.5,Medium,Medium,GROWTH,Declining demand (-12%) | Niche market ($0.4M) | Share position (21.1%) | Competitive market (7 competitors) | High volatility across MAT periods,High volatility: unstable MAT trajectory across periods | Limited market size: constrained opportunity and thin liquidity,MONITOR
7.0,97.95918367346938,70.0,Avoid,SUN PHARMA_VALPROIC ACID_VIETNAM,VALPROIC ACID,SUN PHARMA,VIETNAM,HOSPITAL,-59.5,-59.5,0.5,7,21.1,0.329,78.4,31.6,Medium,Medium,GROWTH,Declining demand (-59%) | Niche market ($0.5M) | Share position (21.1%) | Competitive market (7 competitors),Market decline: losing 59% revenue | Limited market size: constrained opportunity and thin liquidity,MONITOR
8.0,97.95918367346938,70.0,Moderate,DANAPHA (TW5)_VALPROIC ACID_VIETNAM,VALPROIC ACID,DANAPHA (TW5),VIETNAM,RETAIL,500.0,500.0,0.0,7,21.1,3.652,77.8,30.4,Medium,Medium,GROWTH,Strong growth (500%) | Niche market ($0.0M) | Share position (21.1%) | Competitive market (7 competitors) | High volatility across MAT periods,High volatility: unstable MAT trajectory across periods | Generic erosion pressure: price decline with volume expansion | Limited market size: constrained opportunity and thin liquidity,NICHE_PARTNERSHIP
9.0,97.95918367346938,70.0,Avoid,PHARMATHEN_LEVETIRACETAM_VIETNAM,LEVETIRACETAM,PHARMATHEN,VIETNAM,RETAIL,0.0,0.0,0.0,7,21.1,0.0,64.6,27.5,Medium,Medium,GROWTH,Stable-to-moderate growth (0%) | Niche market ($0.0M) | Share position (21.1%) | Competitive market (7 competitors),Limited market size: constrained opportunity and thin liquidity,MONITOR
10.0,95.40816326530613,69.98624882031501,Avoid,SAVIPHARM_LEVETIRACETAM_VIETNAM,LEVETIRACETAM,SAVIPHARM,VIETNAM,HOSPITAL,0.0,0.0,0.0,19,17.2,0.0,64.1,29.4,Medium,Medium,GROWTH,Stable-to-moderate growth (0%) | Niche market ($0.0M) | Share position (17.2%) | Fragmented market (19 competitors),Limited market size: constrained opportunity and thin liquidity,MONITOR
11.0,94.89795918367348,69.8866319833834,Avoid,DANAPHA (TW5)_LEVETIRACETAM_VIETNAM,LEVETIRACETAM,DANAPHA (TW5),VIETNAM,RETAIL,-90.7,-90.7,0.0,6,2.4,0.335,64.6,27.6,Medium,Medium,GROWTH,Declining demand (-91%) | Niche market ($0.0M) | Share position (2.4%) | Competitive market (6 competitors) | Pricing power (14.2% growth),Generic erosion pressure: price decline with volume expansion | Market decline: losing 91% revenue | Limited market size: constrained opportunity and thin liquidity,MONITOR
12.0,94.38775510204081,69.4649680583189,High Potential,AGIMEXPHARM_LEVETIRACETAM_VIETNAM,LEVETIRACETAM,AGIMEXPHARM,VIETNAM,RETAIL,500.0,500.0,0.2,19,17.2,5.375,64.6,28.7,Medium,Medium,GROWTH,Strong growth (500%) | Niche market ($0.2M) | Share position (17.2%) | Fragmented market (19 competitors) | High volatility across MAT periods,High volatility: unstable MAT trajectory across periods | Generic erosion pressure: price decline with volume expansion | Limited market size: constrained opportunity and thin liquidity,NICHE_PARTNERSHIP
13.0,93.87755102040816,69.41690902612388,Moderate,NORMON_PRAMIPEXOLE_VIETNAM,PRAMIPEXOLE,NORMON,VIETNAM,HOSPITAL,143.2,143.2,0.1,5,4.7,0.227,68.1,38.5,Medium,Medium,GROWTH,Strong growth (143%) | Niche market ($0.1M) | Share position (4.7%) | Competitive market (5 competitors) | Pricing power (16.3% growth),Generic erosion pressure: price decline with volume expansion | Limited market size: constrained opportunity and thin liquidity,DIFFERENTIATION
14.0,93.36734693877551,69.3353750702652,Avoid,GSK_LEVETIRACETAM_VIETNAM,LEVETIRACETAM,GSK,VIETNAM,RETAIL,-90.1,-90.1,0.0,4,0.2,0.349,62.0,27.4,Medium,Medium,GROWTH,Declining demand (-90%) | Niche market ($0.0M) | Share position (0.2%) | Competitive market (4 competitors) | Pricing power (57.6% growth),Generic erosion pressure: price decline with volume expansion | Market decline: losing 90% revenue | Limited market size: constrained opportunity and thin liquidity,TENDER_STRATEGY
15.0,92.85714285714286,69.29711780958715,Avoid,WINDLAS BIOTECH_LEVETIRACETAM_VIETNAM,LEVETIRACETAM,WINDLAS BIOTECH,VIETNAM,HOSPITAL,0.0,0.0,0.0,4,0.2,0.0,64.0,29.0,Medium,Medium,GROWTH,Stable-to-moderate growth (0%) | Niche market ($0.0M) | Share position (0.2%) | Competitive market (4 competitors),Limited market size: constrained opportunity and thin liquidity,TENDER_STRATEGY
16.0,92.3469387755102,69.20577831253999,Moderate,PHARMATHEN_PRAMIPEXOLE_VIETNAM,PRAMIPEXOLE,PHARMATHEN,VIETNAM,HOSPITAL,196.4,196.4,0.0,4,0.2,1.389,68.2,39.3,Medium,Medium,GROWTH,Strong growth (196%) | Niche market ($0.0M) | Share position (0.2%) | Competitive market (4 competitors) | High volatility across MAT periods,High volatility: unstable MAT trajectory across periods | Generic erosion pressure: price decline with volume expansion | Limited market size: constrained opportunity and thin liquidity,TENDER_STRATEGY
17.0,91.83673469387756,69.03155660491905,Moderate,HASAN-DERMAPHARM_LEVETIRACETAM_VIETNAM,LEVETIRACETAM,HASAN-DERMAPHARM,VIETNAM,RETAIL,96.5,96.5,0.0,4,0.2,0.313,60.9,27.5,Medium,Medium,GROWTH,Strong growth (96%) | Niche market ($0.0M) | Share position (0.2%) | Competitive market (4 competitors),Generic erosion pressure: price decline with volume expansion | Limited market size: constrained opportunity and thin liquidity,TENDER_STRATEGY
18.0,91.3265306122449,68.91626217705516,Avoid,KRKA_PRAMIPEXOLE_VIETNAM,PRAMIPEXOLE,KRKA,VIETNAM,HOSPITAL,50.1,50.1,0.1,2,0.3,0.33,68.0,37.9,Medium,Medium,GROWTH,Strong growth (50%) | Niche market ($0.1M) | Share position (0.3%) | Concentrated market (2 competitors),Limited market size: constrained opportunity and thin liquidity,TENDER_STRATEGY
19.0,90.81632653061224,68.653169096406,Moderate,AKUMS DRUGS&PHARMA_VALPROIC ACID_VIETNAM,VALPROIC ACID,AKUMS DRUGS&PHARMA,VIETNAM,RETAIL,110.7,110.7,0.0,4,0.3,0.713,77.7,40.2,Medium,Medium,GROWTH,Strong growth (111%) | Niche market ($0.0M) | Share position (0.3%) | Competitive market (4 competitors) | Pricing power (100.0% growth) | High volatility across MAT periods,High volatility: unstable MAT trajectory across periods | Generic erosion pressure: price decline with volume expansion | Limited market size: constrained opportunity and thin liquidity,TENDER_STRATEGY
20.0,90.3061224489796,68.54676685081043,Moderate,KRKA_PRAMIPEXOLE_VIETNAM,PRAMIPEXOLE,KRKA,VIETNAM,HOSPITAL,56.1,56.1,0.1,14,31.7,0.835,68.0,38.0,Medium,Medium,GROWTH,Strong growth (56%) | Niche market ($0.1M) | Share position (31.7%) | Competitive market (14 competitors) | High volatility across MAT periods,High volatility: unstable MAT trajectory across periods | Limited market size: constrained opportunity and thin liquidity,NICHE_PARTNERSHIP
21.0,89.79591836734694,68.3023154133659,Avoid,PHARMATHEN_LEVETIRACETAM_VIETNAM,LEVETIRACETAM,PHARMATHEN,VIETNAM,HOSPITAL,0.0,0.0,0.0,14,31.7,0.0,59.3,28.1,Medium,Medium,MATURE,Stable-to-moderate growth (0%) | Niche market ($0.0M) | Share position (31.7%) | Competitive market (14 competitors),Limited market size: constrained opportunity and thin liquidity,MONITOR
22.0,89.28571428571429,68.06932704531816,High Potential,NORMON_PRAMIPEXOLE_VIETNAM,PRAMIPEXOLE,NORMON,VIETNAM,HOSPITAL,59.3,59.3,1.5,14,31.7,0.164,67.9,38.4,Medium,Medium,GROWTH,Strong growth (59%) | Niche market ($1.5M) | Share position (31.7%) | Competitive market (14 competitors),None identified,NICHE_PARTNERSHIP
23.0,88.77551020408163,67.78606477899304,Avoid,SANOFI_VALPROIC ACID_VIETNAM,VALPROIC ACID,SANOFI,VIETNAM,HOSPITAL,-34.3,-34.3,0.0,14,31.7,60.643,46.0,30.9,High,Medium,MATURE,Declining demand (-34%) | Niche market ($0.0M) | Share position (31.7%) | Competitive market (14 competitors) | Pricing power (47.9% growth) | High volatility across MAT periods,High competitive risk (score: 72) | High volatility: unstable MAT trajectory across periods | Generic erosion pressure: price decline with volume expansion | Market decline: losing 34% revenue | Limited market size: constrained opportunity and thin liquidity,MONITOR
24.0,88.26530612244898,67.76931714434471,Avoid,USARICHPHARM_LEVETIRACETAM_VIETNAM,LEVETIRACETAM,USARICHPHARM,VIETNAM,HOSPITAL,0.0,0.0,0.0,5,0.3,0.0,64.1,36.7,Medium,Medium,GROWTH,Stable-to-moderate growth (0%) | Niche market ($0.0M) | Share position (0.3%) | Competitive market (5 competitors),Limited market size: constrained opportunity and thin liquidity,MONITOR
25.0,87.75510204081633,67.7057627911291,Avoid,SANOFI_VALPROIC ACID_VIETNAM,VALPROIC ACID,SANOFI,VIETNAM,RETAIL,0.0,0.0,0.0,19,17.2,0.0,58.4,30.4,Medium,Medium,MATURE,Stable-to-moderate growth (0%) | Niche market ($0.0M) | Share position (17.2%) | Fragmented market (19 competitors),Limited market size: constrained opportunity and thin liquidity,MONITOR
26.0,87.24489795918367,67.70168330312947,Moderate,STELLAPHARM_LEVETIRACETAM_VIETNAM,LEVETIRACETAM,STELLAPHARM,VIETNAM,RETAIL,500.0,500.0,0.1,19,17.2,0.923,56.9,27.5,Medium,Medium,MATURE,Strong growth (500%) | Niche market ($0.1M) | Share position (17.2%) | Fragmented market (19 competitors) | Pricing power (36.0% growth) | High volatility across MAT periods,High volatility: unstable MAT trajectory across periods | Generic erosion pressure: price decline with volume expansion | Limited market size: constrained opportunity and thin liquidity,DIFFERENTIATION
27.0,86.73469387755102,67.44116147159644,Moderate,BOSTON VN_PRAMIPEXOLE_VIETNAM,PRAMIPEXOLE,BOSTON VN,VIETNAM,HOSPITAL,500.0,500.0,0.0,5,4.7,15.597,67.9,38.3,Medium,Medium,GROWTH,Strong growth (500%) | Niche market ($0.0M) | Share position (4.7%) | Competitive market (5 competitors) | High volatility across MAT periods,High volatility: unstable MAT trajectory across periods | Generic erosion pressure: price decline with volume expansion | Limited market size: constrained opportunity and thin liquidity,NICHE_PARTNERSHIP
28.0,86.22448979591837,66.58104803995721,Avoid,KRKA_PRAMIPEXOLE_VIETNAM,PRAMIPEXOLE,KRKA,VIETNAM,RETAIL,17.8,17.8,0.2,8,7.5,0.028,62.2,37.5,Medium,Medium,GROWTH,Stable-to-moderate growth (18%) | Niche market ($0.2M) | Share position (7.5%) | Competitive market (8 competitors),Limited market size: constrained opportunity and thin liquidity,NICHE_PARTNERSHIP
29.0,85.71428571428571,66.4898461460743,Avoid,STELLAPHARM_PRAMIPEXOLE_VIETNAM,PRAMIPEXOLE,STELLAPHARM,VIETNAM,RETAIL,-56.2,-56.2,0.1,8,7.5,0.424,62.2,37.0,Medium,Medium,GROWTH,Declining demand (-56%) | Niche market ($0.1M) | Share position (7.5%) | Competitive market (8 competitors),Market decline: losing 56% revenue | Limited market size: constrained opportunity and thin liquidity,MONITOR
30.0,85.20408163265306,66.36708923331659,Avoid,KRKA_PRAMIPEXOLE_VIETNAM,PRAMIPEXOLE,KRKA,VIETNAM,RETAIL,0.0,0.0,0.0,14,31.7,0.0,62.1,37.3,Medium,Medium,GROWTH,Stable-to-moderate growth (0%) | Niche market ($0.0M) | Share position (31.7%) | Competitive market (14 competitors),Limited market size: constrained opportunity and thin liquidity,MONITOR
31.0,84.6938775510204,65.70139733968355,Moderate,PHARMATHEN_LEVETIRACETAM_VIETNAM,LEVETIRACETAM,PHARMATHEN,VIETNAM,HOSPITAL,103.7,103.7,0.0,8,7.5,0.733,50.5,28.0,High,Medium,MATURE,Strong growth (104%) | Niche market ($0.0M) | Share position (7.5%) | Competitive market (8 competitors) | High volatility across MAT periods,High volatility: unstable MAT trajectory across periods | Generic erosion pressure: price decline with volume expansion | Limited market size: constrained opportunity and thin liquidity,NICHE_PARTNERSHIP
32.0,84.18367346938776,65.64408561632273,Avoid,EVERTOGEN_CARBIDOPA!LEVODOPA_VIETNAM,CARBIDOPA!LEVODOPA,EVERTOGEN,VIETNAM,HOSPITAL,0.0,0.0,0.1,7,12.3,0.0,59.2,38.0,Medium,Medium,GROWTH,Stable-to-moderate growth (0%) | Niche market ($0.1M) | Share position (12.3%) | Competitive market (7 competitors),Limited market size: constrained opportunity and thin liquidity,MONITOR
33.0,83.6734693877551,65.56419253061114,Avoid,HASAN-DERMAPHARM_CARBIDOPA!LEVODOPA_VIETNAM,CARBIDOPA!LEVODOPA,HASAN-DERMAPHARM,VIETNAM,HOSPITAL,-44.8,-44.8,0.1,1,0.4,1.314,59.2,37.6,High,Medium,GROWTH,Declining demand (-45%) | Niche market ($0.1M) | Share position (0.4%) | Concentrated market (1 competitors) | Price erosion (-18.5%) | High volatility across MAT periods,High volatility: unstable MAT trajectory across periods | Market decline: losing 45% revenue | Limited market size: constrained opportunity and thin liquidity,TENDER_STRATEGY
34.0,83.16326530612244,65.2154268501182,Avoid,JANSSEN-CILAG_TOPIRAMATE_VIETNAM,TOPIRAMATE,JANSSEN-CILAG,VIETNAM,HOSPITAL,-69.0,-69.0,0.0,1,0.4,0.978,53.4,36.7,High,Medium,MATURE,Declining demand (-69%) | Niche market ($0.0M) | Share position (0.4%) | Concentrated market (1 competitors) | Price erosion (-18.9%) | High volatility across MAT periods,High volatility: unstable MAT trajectory across periods | Market decline: losing 69% revenue | Limited market size: constrained opportunity and thin liquidity,TENDER_STRATEGY
35.0,82.6530612244898,65.19370206292524,Moderate,DANAPHA (TW5)_VALPROIC ACID_VIETNAM,VALPROIC ACID,DANAPHA (TW5),VIETNAM,HOSPITAL,79.0,79.0,0.0,1,0.4,4.088,51.3,31.1,High,Medium,MATURE,Strong growth (79%) | Niche market ($0.0M) | Share position (0.4%) | Concentrated market (1 competitors) | High volatility across MAT periods,High volatility: unstable MAT trajectory across periods | Generic erosion pressure: price decline with volume expansion | Limited market size: constrained opportunity and thin liquidity,TENDER_STRATEGY
36.0,82.14285714285714,65.12550137128129,Moderate,AN THIEN_A.T PHARM_CARBIDOPA!LEVODOPA_VIETNAM,CARBIDOPA!LEVODOPA,AN THIEN_A.T PHARM,VIETNAM,HOSPITAL,396.7,396.7,0.1,7,12.3,2.509,59.2,40.2,Medium,Medium,GROWTH,Strong growth (397%) | Niche market ($0.1M) | Share position (12.3%) | Competitive market (7 competitors) | High volatility across MAT periods,High volatility: unstable MAT trajectory across periods | Generic erosion pressure: price decline with volume expansion | Limited market size: constrained opportunity and thin liquidity,NICHE_PARTNERSHIP
37.0,81.63265306122449,64.73107992629065,Avoid,NOVARTIS PHARMA_OXCARBAZEPINE_VIETNAM,OXCARBAZEPINE,NOVARTIS PHARMA,VIETNAM,HOSPITAL,0.0,0.0,0.1,7,12.3,0.0,50.7,39.6,High,Medium,MATURE,Stable-to-moderate growth (0%) | Niche market ($0.1M) | Share position (12.3%) | Competitive market (7 competitors),Limited market size: constrained opportunity and thin liquidity,MONITOR
38.0,81.12244897959184,64.42584149323888,Avoid,SAVIPHARM_TOPIRAMATE_VIETNAM,TOPIRAMATE,SAVIPHARM,VIETNAM,HOSPITAL,0.0,0.0,0.2,7,12.3,0.0,54.5,37.1,High,Medium,GROWTH,Stable-to-moderate growth (0%) | Niche market ($0.2M) | Share position (12.3%) | Competitive market (7 competitors),Limited market size: constrained opportunity and thin liquidity,MONITOR
39.0,80.61224489795919,63.945400878837155,Moderate,HASAN-DERMAPHARM_CARBIDOPA!LEVODOPA_VIETNAM,CARBIDOPA!LEVODOPA,HASAN-DERMAPHARM,VIETNAM,RETAIL,104.5,104.5,0.0,5,0.3,0.075,52.5,37.9,High,Medium,GROWTH,Strong growth (104%) | Niche market ($0.0M) | Share position (0.3%) | Competitive market (5 competitors),Generic erosion pressure: price decline with volume expansion | Limited market size: constrained opportunity and thin liquidity,NICHE_PARTNERSHIP
40.0,80.10204081632652,63.25283946074194,Moderate,TORRENT_TOPIRAMATE_VIETNAM,TOPIRAMATE,TORRENT,VIETNAM,HOSPITAL,130.5,130.5,0.0,5,0.3,7.21,54.5,40.5,Medium,Medium,GROWTH,Strong growth (130%) | Niche market ($0.0M) | Share position (0.3%) | Competitive market (5 competitors) | High volatility across MAT periods,High volatility: unstable MAT trajectory across periods | Generic erosion pressure: price decline with volume expansion | Limited market size: constrained opportunity and thin liquidity,NICHE_PARTNERSHIP
41.0,79.59183673469387,62.928401577321104,Avoid,DOPHARMA (TW2)_TOPIRAMATE_VIETNAM,TOPIRAMATE,DOPHARMA (TW2),VIETNAM,HOSPITAL,-47.8,-47.8,0.1,19,17.2,2.194,50.5,36.6,High,Medium,MATURE,Declining demand (-48%) | Niche market ($0.1M) | Share position (17.2%) | Fragmented market (19 competitors) | High volatility across MAT periods,High volatility: unstable MAT trajectory across periods | Market decline: losing 48% revenue | Limited market size: constrained opportunity and thin liquidity,MONITOR
42.0,79.08163265306123,62.816536292849,High Potential,DAVI PHARM_TOPIRAMATE_VIETNAM,TOPIRAMATE,DAVI PHARM,VIETNAM,RETAIL,81.7,81.7,1.7,19,17.2,0.0,52.4,39.1,Medium,Medium,GROWTH,Strong growth (82%) | Niche market ($1.7M) | Share position (17.2%) | Fragmented market (19 competitors),Generic erosion pressure: price decline with volume expansion,NICHE_PARTNERSHIP
43.0,78.57142857142857,62.814851055292884,Moderate,DAVI PHARM_OXCARBAZEPINE_VIETNAM,OXCARBAZEPINE,DAVI PHARM,VIETNAM,RETAIL,277.8,277.8,0.1,7,12.3,0.603,52.9,39.4,High,Medium,GROWTH,Strong growth (278%) | Niche market ($0.1M) | Share position (12.3%) | Competitive market (7 competitors) | High volatility across MAT periods,High volatility: unstable MAT trajectory across periods | Generic erosion pressure: price decline with volume expansion | Limited market size: constrained opportunity and thin liquidity,NICHE_PARTNERSHIP
44.0,78.06122448979592,62.470626333301524,Moderate,NOVARTIS PHARMA_OXCARBAZEPINE_VIETNAM,OXCARBAZEPINE,NOVARTIS PHARMA,VIETNAM,RETAIL,51.7,51.7,0.7,7,12.3,0.255,51.6,39.3,High,Medium,MATURE,Strong growth (52%) | Niche market ($0.7M) | Share position (12.3%) | Competitive market (7 competitors),Limited market size: constrained opportunity and thin liquidity,NICHE_PARTNERSHIP
45.0,77.55102040816327,62.384707493884235,Moderate,HASAN-DERMAPHARM_CARBIDOPA!LEVODOPA_VIETNAM,CARBIDOPA!LEVODOPA,HASAN-DERMAPHARM,VIETNAM,HOSPITAL,500.0,500.0,0.0,19,17.2,2.299,40.2,37.5,High,Medium,MATURE,Strong growth (500%) | Niche market ($0.0M) | Share position (17.2%) | Fragmented market (19 competitors) | Price erosion (-24.6%) | High volatility across MAT periods,High volatility: unstable MAT trajectory across periods | Generic erosion pressure: price decline with volume expansion | Limited market size: constrained opportunity and thin liquidity,NICHE_PARTNERSHIP
46.0,77.04081632653062,62.35698418889098,Moderate,DANAPHA (TW5)_CARBAMAZEPINE_VIETNAM,CARBAMAZEPINE,DANAPHA (TW5),VIETNAM,RETAIL,32.7,32.7,0.3,14,31.7,0.774,49.6,37.9,High,Medium,MATURE,Stable-to-moderate growth (33%) | Niche market ($0.3M) | Share position (31.7%) | Competitive market (14 competitors) | High volatility across MAT periods,High volatility: unstable MAT trajectory across periods | Limited market size: constrained opportunity and thin liquidity,NICHE_PARTNERSHIP
47.0,76.53061224489795,62.33382596526424,Avoid,DANAPHA (TW5)_OXCARBAZEPINE_VIETNAM,OXCARBAZEPINE,DANAPHA (TW5),VIETNAM,HOSPITAL,0.0,0.0,0.0,14,31.7,0.0,50.6,39.6,High,Medium,MATURE,Stable-to-moderate growth (0%) | Niche market ($0.0M) | Share position (31.7%) | Competitive market (14 competitors),Limited market size: constrained opportunity and thin liquidity,MONITOR
48.0,76.0204081632653,61.67953753970339,Avoid,TORRENT_CARBAMAZEPINE_VIETNAM,CARBAMAZEPINE,TORRENT,VIETNAM,HOSPITAL,0.0,0.0,0.1,14,31.7,0.0,49.5,43.2,Medium,Medium,GROWTH,Stable-to-moderate growth (0%) | Niche market ($0.1M) | Share position (31.7%) | Competitive market (14 competitors),Limited market size: constrained opportunity and thin liquidity,MONITOR
49.0,75.51020408163265,61.36029991496662,Avoid,DAVI PHARM_OXCARBAZEPINE_VIETNAM,OXCARBAZEPINE,DAVI PHARM,VIETNAM,HOSPITAL,22.0,22.0,0.0,4,0.2,0.156,51.7,43.1,Medium,Medium,GROWTH,Stable-to-moderate growth (22%) | Niche market ($0.0M) | Share position (0.2%) | Competitive market (4 competitors) | Pricing power (100.0% growth),Generic erosion pressure: price decline with volume expansion | Limited market size: constrained opportunity and thin liquidity,TENDER_STRATEGY
50.0,75.0,60.74877733022673,Avoid,GSK_LAMOTRIGINE_VIETNAM,LAMOTRIGINE,GSK,VIETNAM,HOSPITAL,39.6,39.6,0.5,8,7.5,0.621,45.7,39.6,High,Medium,MATURE,Stable-to-moderate growth (40%) | Niche market ($0.5M) | Share position (7.5%) | Competitive market (8 competitors) | High volatility across MAT periods,High volatility: unstable MAT trajectory across periods | Limited market size: constrained opportunity and thin liquidity,NICHE_PARTNERSHIP
51.0,74.48979591836735,60.70199777187817,Moderate,PHARMEDIC_TRIHEXYPHENIDYL_VIETNAM,TRIHEXYPHENIDYL,PHARMEDIC,VIETNAM,HOSPITAL,154.1,154.1,0.3,8,7.5,1.07,47.3,40.7,High,Medium,MATURE,Strong growth (154%) | Niche market ($0.3M) | Share position (7.5%) | Competitive market (8 competitors) | High volatility across MAT periods,High volatility: unstable MAT trajectory across periods | Generic erosion pressure: price decline with volume expansion | Limited market size: constrained opportunity and thin liquidity,NICHE_PARTNERSHIP
52.0,73.9795918367347,60.598880846624986,Avoid,DANAPHA (TW5)_PHENOBARBITAL_VIETNAM,PHENOBARBITAL,DANAPHA (TW5),VIETNAM,HOSPITAL,-11.6,-11.6,0.0,5,4.7,0.625,47.2,40.9,High,Medium,MATURE,Declining demand (-12%) | Niche market ($0.0M) | Share position (4.7%) | Competitive market (5 competitors) | High volatility across MAT periods,High volatility: unstable MAT trajectory across periods | Limited market size: constrained opportunity and thin liquidity,MONITOR
53.0,73.46938775510205,60.48968626515313,Avoid,DANAPHA (TW5)_PHENOBARBITAL_VIETNAM,PHENOBARBITAL,DANAPHA (TW5),VIETNAM,RETAIL,-93.2,-93.2,0.0,4,0.3,1.6,47.8,42.2,High,Medium,GROWTH,Declining demand (-93%) | Niche market ($0.0M) | Share position (0.3%) | Competitive market (4 competitors) | Pricing power (24.5% growth) | High volatility across MAT periods,High volatility: unstable MAT trajectory across periods | Generic erosion pressure: price decline with volume expansion | Market decline: losing 93% revenue | Limited market size: constrained opportunity and thin liquidity,TENDER_STRATEGY
54.0,72.95918367346938,60.41092050233494,Avoid,GSK_LAMOTRIGINE_VIETNAM,LAMOTRIGINE,GSK,VIETNAM,HOSPITAL,44.4,44.4,0.0,4,0.3,0.792,46.8,41.2,High,Medium,MATURE,Stable-to-moderate growth (44%) | Niche market ($0.0M) | Share position (0.3%) | Competitive market (4 competitors) | Pricing power (30.5% growth) | High volatility across MAT periods,High volatility: unstable MAT trajectory across periods | Limited market size: constrained opportunity and thin liquidity,TENDER_STRATEGY
55.0,72.44897959183673,60.20458097577086,Avoid,PYMEPHARCO_PHENYTOIN_VIETNAM,PHENYTOIN,PYMEPHARCO,VIETNAM,RETAIL,0.0,0.0,0.0,19,17.2,0.0,47.3,42.3,High,Medium,GROWTH,Stable-to-moderate growth (0%) | Niche market ($0.0M) | Share position (17.2%) | Fragmented market (19 competitors),Limited market size: constrained opportunity and thin liquidity,MONITOR
56.0,71.93877551020408,59.989911019212755,Moderate,DANAPHA (TW5)_PHENOBARBITAL_VIETNAM,PHENOBARBITAL,DANAPHA (TW5),VIETNAM,HOSPITAL,248.6,248.6,0.2,7,21.1,1.758,44.8,40.6,High,Medium,MATURE,Strong growth (249%) | Niche market ($0.2M) | Share position (21.1%) | Competitive market (7 competitors) | High volatility across MAT periods,High volatility: unstable MAT trajectory across periods | Generic erosion pressure: price decline with volume expansion | Limited market size: constrained opportunity and thin liquidity,NICHE_PARTNERSHIP
57.0,71.42857142857143,59.97154743143541,Moderate,MEDA AB VNX_BROMOCRIPTINE_VIETNAM,BROMOCRIPTINE,MEDA AB VNX,VIETNAM,RETAIL,300.0,300.0,0.2,7,21.1,2.121,47.0,42.8,High,Medium,MATURE,Strong growth (300%) | Niche market ($0.2M) | Share position (21.1%) | Competitive market (7 competitors) | High volatility across MAT periods,High volatility: unstable MAT trajectory across periods | Generic erosion pressure: price decline with volume expansion | Limited market size: constrained opportunity and thin liquidity,NICHE_PARTNERSHIP
58.0,70.91836734693877,59.5,Avoid,DAVI PHARM_LEVETIRACETAM_VIETNAM,LEVETIRACETAM,DAVI PHARM,VIETNAM,HOSPITAL,0.0,0.0,0.0,5,0.3,0.0,64.1,28.1,Medium,Low,GROWTH,Stable-to-moderate growth (0%) | Niche market ($0.0M) | Share position (0.3%) | Competitive market (5 competitors),Limited market size: constrained opportunity and thin liquidity,MONITOR
59.0,70.40816326530613,59.361811450348746,Moderate,VIDIPHA (VDP)_PHENOBARBITAL_VIETNAM,PHENOBARBITAL,VIDIPHA (VDP),VIETNAM,HOSPITAL,98.8,98.8,0.0,5,0.3,0.115,47.2,41.9,High,Medium,GROWTH,Strong growth (99%) | Niche market ($0.0M) | Share position (0.3%) | Competitive market (5 competitors) | Price erosion (-28.4%),Generic erosion pressure: price decline with volume expansion | Limited market size: constrained opportunity and thin liquidity,NICHE_PARTNERSHIP
60.0,69.89795918367348,59.17277928112353,Avoid,SANOFI VNX_VIGABATRIN_VIETNAM,VIGABATRIN,SANOFI VNX,VIETNAM,RETAIL,19.2,19.2,0.0,19,17.2,0.043,47.1,43.1,High,Medium,MATURE,Stable-to-moderate growth (19%) | Niche market ($0.0M) | Share position (17.2%) | Fragmented market (19 competitors),Limited market size: constrained opportunity and thin liquidity,NICHE_PARTNERSHIP
61.0,69.38775510204081,58.96904654398475,Avoid,EISAI_PERAMPANEL_VIETNAM,PERAMPANEL,EISAI,VIETNAM,RETAIL,17.7,17.7,0.0,7,21.1,1.029,44.2,43.0,High,Medium,MATURE,Stable-to-moderate growth (18%) | Niche market ($0.0M) | Share position (21.1%) | Competitive market (7 competitors) | High volatility across MAT periods,High volatility: unstable MAT trajectory across periods | Limited market size: constrained opportunity and thin liquidity,NICHE_PARTNERSHIP
62.0,68.87755102040816,58.9666174474466,Avoid,PHARMASCIENCE_TOPIRAMATE_VIETNAM,TOPIRAMATE,PHARMASCIENCE,VIETNAM,RETAIL,0.0,0.0,0.0,14,31.7,0.0,52.4,51.5,Medium,Medium,GROWTH,Stable-to-moderate growth (0%) | Niche market ($0.0M) | Share position (31.7%) | Competitive market (14 competitors),Limited market size: constrained opportunity and thin liquidity,MONITOR
63.0,68.36734693877551,58.79499754406317,Avoid,SANOFI_VALPROIC ACID_VIETNAM,VALPROIC ACID,SANOFI,VIETNAM,RETAIL,-74.9,-74.9,0.0,14,31.7,0.53,20.6,30.3,High,Medium,MATURE,Declining demand (-75%) | Niche market ($0.0M) | Share position (31.7%) | Competitive market (14 competitors) | High volatility across MAT periods,High volatility: unstable MAT trajectory across periods | Generic erosion pressure: price decline with volume expansion | Market decline: losing 75% revenue | Limited market size: constrained opportunity and thin liquidity,MONITOR
64.0,67.85714285714286,58.18429189411083,Avoid,EISAI_PERAMPANEL_VIETNAM,PERAMPANEL,EISAI,VIETNAM,HOSPITAL,-97.1,-97.1,0.0,14,31.7,0.499,42.4,44.2,High,Medium,MATURE,Declining demand (-97%) | Niche market ($0.0M) | Share position (31.7%) | Competitive market (14 competitors) | Pricing power (33.2% growth),Generic erosion pressure: price decline with volume expansion | Market decline: losing 97% revenue | Limited market size: constrained opportunity and thin liquidity,MONITOR
65.0,67.3469387755102,57.73378569854415,Moderate,ROCHE VNX_CLONAZEPAM_VIETNAM,CLONAZEPAM,ROCHE VNX,VIETNAM,RETAIL,500.0,500.0,0.4,7,21.1,4.683,47.5,48.3,High,Medium,MATURE,Strong growth (500%) | Niche market ($0.4M) | Share position (21.1%) | Competitive market (7 competitors) | High volatility across MAT periods,High volatility: unstable MAT trajectory across periods | Generic erosion pressure: price decline with volume expansion | Limited market size: constrained opportunity and thin liquidity,NICHE_PARTNERSHIP
66.0,66.83673469387756,57.644692075957224,Moderate,STELLAPHARM_LAMOTRIGINE_VIETNAM,LAMOTRIGINE,STELLAPHARM,VIETNAM,HOSPITAL,312.3,312.3,0.1,7,21.1,4.023,45.2,46.7,High,Medium,MATURE,Strong growth (312%) | Niche market ($0.1M) | Share position (21.1%) | Competitive market (7 competitors) | High volatility across MAT periods,High volatility: unstable MAT trajectory across periods | Generic erosion pressure: price decline with volume expansion | Limited market size: constrained opportunity and thin liquidity,NICHE_PARTNERSHIP
67.0,66.3265306122449,57.48264348191131,Avoid,OPV_BACOPA MONIERI!CALCIUM!CITICOLINE!FISH!FOLIC ACID!GINKGO BILOBA!MAGNESIUM!UBIDECARENONE_VIETNAM,BACOPA MONIERI!CALCIUM!CITICOLINE!FISH!FOLIC ACID!GINKGO BILOBA!MAGNESIUM!UBIDECARENONE,OPV,VIETNAM,HOSPITAL,18.4,18.4,0.0,6,2.4,0.509,39.5,43.4,High,Medium,MATURE,Stable-to-moderate growth (18%) | Niche market ($0.0M) | Share position (2.4%) | Competitive market (6 competitors) | High volatility across MAT periods,High volatility: unstable MAT trajectory across periods | Limited market size: constrained opportunity and thin liquidity,NICHE_PARTNERSHIP
68.0,65.81632653061224,55.93534482651003,Avoid,HASAN-DERMAPHARM_LEVETIRACETAM_VIETNAM,LEVETIRACETAM,HASAN-DERMAPHARM,VIETNAM,HOSPITAL,11.1,11.1,0.1,6,2.4,0.004,64.0,34.6,Medium,Low,GROWTH,Stable-to-moderate growth (11%) | Niche market ($0.1M) | Share position (2.4%) | Competitive market (6 competitors),Limited market size: constrained opportunity and thin liquidity,NICHE_PARTNERSHIP
69.0,65.3061224489796,54.51133586633283,Avoid,SUN PHARMA_OXCARBAZEPINE_VIETNAM,OXCARBAZEPINE,SUN PHARMA,VIETNAM,HOSPITAL,0.0,0.0,0.0,1,0.2,0.0,51.7,64.5,Medium,Medium,GROWTH,Stable-to-moderate growth (0%) | Niche market ($0.0M) | Share position (0.2%) | Concentrated market (1 competitors),Limited market size: constrained opportunity and thin liquidity,TENDER_STRATEGY
70.0,64.79591836734694,53.73143100171883,Moderate,DANAPHA (TW5)_TRIHEXYPHENIDYL_VIETNAM,TRIHEXYPHENIDYL,DANAPHA (TW5),VIETNAM,HOSPITAL,136.7,136.7,0.7,5,4.7,0.109,24.2,40.7,High,Medium,MATURE,Strong growth (137%) | Niche market ($0.7M) | Share position (4.7%) | Competitive market (5 competitors),Generic erosion pressure: price decline with volume expansion | Limited market size: constrained opportunity and thin liquidity,NICHE_PARTNERSHIP
71.0,64.28571428571429,52.28349429397914,Avoid,DAVI PHARM_LEVETIRACETAM_VIETNAM,LEVETIRACETAM,DAVI PHARM,VIETNAM,RETAIL,-38.7,-38.7,0.1,5,4.7,0.154,40.8,27.4,Medium,Low,MATURE,Declining demand (-39%) | Niche market ($0.1M) | Share position (4.7%) | Competitive market (5 competitors),Market decline: losing 39% revenue | Limited market size: constrained opportunity and thin liquidity,MONITOR
72.0,63.775510204081634,52.22224602441075,Moderate,STELLAPHARM_LEVETIRACETAM_VIETNAM,LEVETIRACETAM,STELLAPHARM,VIETNAM,RETAIL,68.1,68.1,0.0,1,0.0,0.482,40.3,27.3,Medium,Low,MATURE,Strong growth (68%) | Niche market ($0.0M) | Share position (0.0%) | Concentrated market (1 competitors),Limited market size: constrained opportunity and thin liquidity,TENDER_STRATEGY
73.0,63.26530612244898,51.554956262819154,Avoid,AGIMEXPHARM_LEVETIRACETAM_VIETNAM,LEVETIRACETAM,AGIMEXPHARM,VIETNAM,HOSPITAL,-93.3,-93.3,0.0,4,0.2,4.613,60.8,41.7,Medium,Low,GROWTH,Declining demand (-93%) | Niche market ($0.0M) | Share position (0.2%) | Competitive market (4 competitors) | Pricing power (11.3% growth) | High volatility across MAT periods,High volatility: unstable MAT trajectory across periods | Generic erosion pressure: price decline with volume expansion | Market decline: losing 93% revenue | Limited market size: constrained opportunity and thin liquidity,TENDER_STRATEGY
74.0,62.755102040816325,50.90921874726773,Avoid,AGUETTANT_VALPROIC ACID_VIETNAM,VALPROIC ACID,AGUETTANT,VIETNAM,HOSPITAL,-70.3,-70.3,0.1,8,7.5,0.366,33.9,30.9,Medium,Low,MATURE,Declining demand (-70%) | Niche market ($0.1M) | Share position (7.5%) | Competitive market (8 competitors),Market decline: losing 70% revenue | Limited market size: constrained opportunity and thin liquidity,MONITOR
75.0,62.244897959183675,50.81848845174616,Moderate,T&T EQUIPMENT_LEVETIRACETAM_VIETNAM,LEVETIRACETAM,T&T EQUIPMENT,VIETNAM,HOSPITAL,71.8,71.8,0.1,19,17.2,0.227,31.7,28.1,Medium,Low,MATURE,Strong growth (72%) | Niche market ($0.1M) | Share position (17.2%) | Fragmented market (19 competitors) | Price erosion (-12.2%),Generic erosion pressure: price decline with volume expansion | Limited market size: constrained opportunity and thin liquidity,NICHE_PARTNERSHIP
76.0,61.73469387755102,50.21672336763626,Moderate,HASAN-DERMAPHARM_VALPROIC ACID_VIETNAM,VALPROIC ACID,HASAN-DERMAPHARM,VIETNAM,HOSPITAL,126.9,126.9,0.0,19,17.2,0.897,34.0,31.1,Medium,Low,MATURE,Strong growth (127%) | Niche market ($0.0M) | Share position (17.2%) | Fragmented market (19 competitors) | High volatility across MAT periods,High volatility: unstable MAT trajectory across periods | Generic erosion pressure: price decline with volume expansion | Limited market size: constrained opportunity and thin liquidity,NICHE_PARTNERSHIP
77.0,61.224489795918366,48.82384895714728,Moderate,JANSSEN-CILAG_TOPIRAMATE_VIETNAM,TOPIRAMATE,JANSSEN-CILAG,VIETNAM,HOSPITAL,500.0,500.0,0.5,7,21.1,7.885,31.7,36.6,Medium,Low,MATURE,Strong growth (500%) | Niche market ($0.5M) | Share position (21.1%) | Competitive market (7 competitors) | High volatility across MAT periods,High volatility: unstable MAT trajectory across periods | Generic erosion pressure: price decline with volume expansion | Limited market size: constrained opportunity and thin liquidity,NICHE_PARTNERSHIP
78.0,60.71428571428571,47.59879056703602,Avoid,DANAPHA (TW5)_VALPROIC ACID_VIETNAM,VALPROIC ACID,DANAPHA (TW5),VIETNAM,RETAIL,0.0,0.0,0.1,7,21.1,0.0,28.4,30.4,Medium,Low,MATURE,Stable-to-moderate growth (0%) | Niche market ($0.1M) | Share position (21.1%) | Competitive market (7 competitors),Limited market size: constrained opportunity and thin liquidity,MONITOR
79.0,60.204081632653065,47.10701276151897,Moderate,GSK_LAMOTRIGINE_VIETNAM,LAMOTRIGINE,GSK,VIETNAM,RETAIL,248.1,248.1,0.0,4,0.3,0.486,33.9,39.0,Medium,Low,MATURE,Strong growth (248%) | Niche market ($0.0M) | Share position (0.3%) | Competitive market (4 competitors) | Pricing power (49.9% growth),Generic erosion pressure: price decline with volume expansion | Limited market size: constrained opportunity and thin liquidity,TENDER_STRATEGY
80.0,59.693877551020414,46.378691036538115,Avoid,EISAI_PERAMPANEL_VIETNAM,PERAMPANEL,EISAI,VIETNAM,RETAIL,-54.5,-54.5,0.0,19,17.2,0.385,36.5,42.8,Medium,Low,MATURE,Declining demand (-54%) | Niche market ($0.0M) | Share position (17.2%) | Fragmented market (19 competitors),Market decline: losing 54% revenue | Limited market size: constrained opportunity and thin liquidity,MONITOR
81.0,59.183673469387756,45.756036012939354,Avoid,STELLAPHARM_LEVETIRACETAM_VIETNAM,LEVETIRACETAM,STELLAPHARM,VIETNAM,HOSPITAL,0.0,0.0,0.0,19,17.2,0.0,19.3,27.9,Medium,Low,MATURE,Stable-to-moderate growth (0%) | Niche market ($0.0M) | Share position (17.2%) | Fragmented market (19 competitors),Limited market size: constrained opportunity and thin liquidity,MONITOR
82.0,58.673469387755105,45.60636200800447,Avoid,DANAPHA (TW5)_PHENYTOIN_VIETNAM,PHENYTOIN,DANAPHA (TW5),VIETNAM,HOSPITAL,-34.5,-34.5,0.0,2,0.3,0.244,33.3,42.5,Medium,Low,MATURE,Declining demand (-34%) | Niche market ($0.0M) | Share position (0.3%) | Concentrated market (2 competitors) | Pricing power (20.1% growth),Market decline: losing 34% revenue | Limited market size: constrained opportunity and thin liquidity,TENDER_STRATEGY
83.0,58.16326530612245,44.93645980806713,Avoid,GSK_LEVETIRACETAM_VIETNAM,LEVETIRACETAM,GSK,VIETNAM,RETAIL,-79.7,-79.7,0.3,2,1.5,0.482,9.9,27.3,High,Low,MATURE,Declining demand (-80%) | Niche market ($0.3M) | Share position (1.5%) | Concentrated market (2 competitors),Generic erosion pressure: price decline with volume expansion | Market decline: losing 80% revenue | Limited market size: constrained opportunity and thin liquidity,TENDER_STRATEGY
84.0,57.6530612244898,44.68358452565235,Avoid,GSK VNX_LEVETIRACETAM_VIETNAM,LEVETIRACETAM,GSK VNX,VIETNAM,RETAIL,-95.1,-95.1,0.0,19,17.2,0.509,15.9,27.3,High,Low,MATURE,Declining demand (-95%) | Niche market ($0.0M) | Share position (17.2%) | Fragmented market (19 competitors) | Price erosion (-15.4%) | High volatility across MAT periods,High volatility: unstable MAT trajectory across periods | Generic erosion pressure: price decline with volume expansion | Market decline: losing 95% revenue | Limited market size: constrained opportunity and thin liquidity,MONITOR
85.0,57.14285714285714,43.989516503794206,Moderate,STELLAPHARM_PRAMIPEXOLE_VIETNAM,PRAMIPEXOLE,STELLAPHARM,VIETNAM,HOSPITAL,43.3,43.3,2.3,14,31.7,0.191,23.9,37.7,High,Low,MATURE,Stable-to-moderate growth (43%) | Niche market ($2.3M) | Share position (31.7%) | Competitive market (14 competitors),None identified,NICHE_PARTNERSHIP
86.0,56.63265306122449,43.57898628358224,High Potential,DAVI PHARM_TOPIRAMATE_VIETNAM,TOPIRAMATE,DAVI PHARM,VIETNAM,HOSPITAL,96.7,96.7,0.8,14,31.7,0.347,18.7,36.4,High,Low,MATURE,Strong growth (97%) | Niche market ($0.8M) | Share position (31.7%) | Competitive market (14 competitors),Generic erosion pressure: price decline with volume expansion | Limited market size: constrained opportunity and thin liquidity,NICHE_PARTNERSHIP
87.0,56.12244897959183,43.51963370272152,Avoid,PYMEPHARCO_LEVETIRACETAM_VIETNAM,LEVETIRACETAM,PYMEPHARCO,VIETNAM,RETAIL,-3.9,-3.9,0.1,14,31.7,0.756,12.2,27.3,High,Low,MATURE,Stable-to-moderate growth (-4%) | Niche market ($0.1M) | Share position (31.7%) | Competitive market (14 competitors) | High volatility across MAT periods,High volatility: unstable MAT trajectory across periods | Limited market size: constrained opportunity and thin liquidity,MONITOR
88.0,55.61224489795919,43.413589369000746,Avoid,HERABIOPHARM_VALPROIC ACID_VIETNAM,VALPROIC ACID,HERABIOPHARM,VIETNAM,HOSPITAL,0.0,0.0,0.0,7,12.3,0.0,14.1,30.9,High,Low,MATURE,Stable-to-moderate growth (0%) | Niche market ($0.0M) | Share position (12.3%) | Competitive market (7 competitors),Limited market size: constrained opportunity and thin liquidity,MONITOR
89.0,55.10204081632652,43.265298732175836,Moderate,BOEH. INGEL_PRAMIPEXOLE_VIETNAM,PRAMIPEXOLE,BOEH. INGEL,VIETNAM,RETAIL,494.6,494.6,0.2,19,17.2,6.262,16.8,36.9,High,Low,MATURE,Strong growth (495%) | Niche market ($0.2M) | Share position (17.2%) | Fragmented market (19 competitors) | High volatility across MAT periods,High volatility: unstable MAT trajectory across periods | Generic erosion pressure: price decline with volume expansion | Limited market size: constrained opportunity and thin liquidity,NICHE_PARTNERSHIP
90.0,54.59183673469388,43.18503320526936,Avoid,BOEH. INGEL_PRAMIPEXOLE_VIETNAM,PRAMIPEXOLE,BOEH. INGEL,VIETNAM,HOSPITAL,0.0,0.0,0.0,19,17.2,0.0,7.9,37.5,High,Low,MATURE,Stable-to-moderate growth (0%) | Niche market ($0.0M) | Share position (17.2%) | Fragmented market (19 competitors),Limited market size: constrained opportunity and thin liquidity,MONITOR
91.0,54.08163265306123,43.179794158759904,Moderate,MEDISUN_VALPROIC ACID_VIETNAM,VALPROIC ACID,MEDISUN,VIETNAM,HOSPITAL,418.6,418.6,0.1,8,7.5,2.96,14.1,30.9,High,Low,MATURE,Strong growth (419%) | Niche market ($0.1M) | Share position (7.5%) | Competitive market (8 competitors) | High volatility across MAT periods,High volatility: unstable MAT trajectory across periods | Generic erosion pressure: price decline with volume expansion | Limited market size: constrained opportunity and thin liquidity,NICHE_PARTNERSHIP
92.0,53.57142857142857,43.17240670326507,Avoid,AGUETTANT_VALPROIC ACID_VIETNAM,VALPROIC ACID,AGUETTANT,VIETNAM,RETAIL,-5.2,-5.2,0.6,7,12.3,0.2,13.8,30.3,High,Low,MATURE,Stable-to-moderate growth (-5%) | Niche market ($0.6M) | Share position (12.3%) | Competitive market (7 competitors),Limited market size: constrained opportunity and thin liquidity,MONITOR
93.0,53.06122448979592,43.14773782117845,Moderate,DEMO SA_VALPROIC ACID_VIETNAM,VALPROIC ACID,DEMO SA,VIETNAM,HOSPITAL,500.0,500.0,0.0,5,4.7,108.372,14.1,30.9,High,Low,MATURE,Strong growth (500%) | Niche market ($0.0M) | Share position (4.7%) | Competitive market (5 competitors) | High volatility across MAT periods,High volatility: unstable MAT trajectory across periods | Generic erosion pressure: price decline with volume expansion | Limited market size: constrained opportunity and thin liquidity,NICHE_PARTNERSHIP
94.0,52.55102040816326,43.143432903682864,Avoid,MYUNG IN PHAM_VALPROIC ACID_VIETNAM,VALPROIC ACID,MYUNG IN PHAM,VIETNAM,RETAIL,-20.5,-20.5,0.0,8,7.5,0.111,13.8,30.3,High,Low,MATURE,Declining demand (-21%) | Niche market ($0.0M) | Share position (7.5%) | Competitive market (8 competitors),Market decline: losing 21% revenue | Limited market size: constrained opportunity and thin liquidity,MONITOR
95.0,52.04081632653062,43.13643820851378,Avoid,SANOFI VNX_VALPROIC ACID_VIETNAM,VALPROIC ACID,SANOFI VNX,VIETNAM,RETAIL,0.0,0.0,0.0,8,7.5,0.0,13.8,30.3,High,Low,MATURE,Stable-to-moderate growth (0%) | Niche market ($0.0M) | Share position (7.5%) | Competitive market (8 competitors),Limited market size: constrained opportunity and thin liquidity,MONITOR
96.0,51.53061224489795,43.13593307100328,High Potential,HASAN-DERMAPHARM_VALPROIC ACID_VIETNAM,VALPROIC ACID,HASAN-DERMAPHARM,VIETNAM,RETAIL,169.8,169.8,0.0,14,31.7,2.625,13.8,30.3,High,Low,MATURE,Strong growth (170%) | Niche market ($0.0M) | Share position (31.7%) | Competitive market (14 competitors) | High volatility across MAT periods,High volatility: unstable MAT trajectory across periods | Generic erosion pressure: price decline with volume expansion | Limited market size: constrained opportunity and thin liquidity,NICHE_PARTNERSHIP
97.0,51.02040816326531,43.06062360333914,High Potential,WEALPHAR_VALPROIC ACID_VIETNAM,VALPROIC ACID,WEALPHAR,VIETNAM,HOSPITAL,500.0,500.0,0.0,14,31.7,2.943,14.0,30.9,High,Low,MATURE,Strong growth (500%) | Niche market ($0.0M) | Share position (31.7%) | Competitive market (14 competitors) | High volatility across MAT periods,High volatility: unstable MAT trajectory across periods | Generic erosion pressure: price decline with volume expansion | Limited market size: constrained opportunity and thin liquidity,NICHE_PARTNERSHIP
98.0,50.51020408163265,43.04028042773079,Moderate,DANAPHA (TW5)_VALPROIC ACID_VIETNAM,VALPROIC ACID,DANAPHA (TW5),VIETNAM,HOSPITAL,29.1,29.1,0.4,19,17.2,0.756,14.0,30.9,High,Low,MATURE,Stable-to-moderate growth (29%) | Niche market ($0.4M) | Share position (17.2%) | Fragmented market (19 competitors) | High volatility across MAT periods,High volatility: unstable MAT trajectory across periods | Limited market size: constrained opportunity and thin liquidity,NICHE_PARTNERSHIP
99.0,50.0,43.03304133991856,Moderate,HASAN-DERMAPHARM_VALPROIC ACID_VIETNAM,VALPROIC ACID,HASAN-DERMAPHARM,VIETNAM,HOSPITAL,500.0,500.0,0.2,6,2.4,20.437,14.0,30.9,High,Low,MATURE,Strong growth (500%) | Niche market ($0.2M) | Share position (2.4%) | Competitive market (6 competitors) | High volatility across MAT periods,High volatility: unstable MAT trajectory across periods | Generic erosion pressure: price decline with volume expansion | Limited market size: constrained opportunity and thin liquidity,NICHE_PARTNERSHIP
100.0,49.48979591836735,43.021361440751235,Avoid,TORRENT_VALPROIC ACID_VIETNAM,VALPROIC ACID,TORRENT,VIETNAM,HOSPITAL,0.0,0.0,0.0,5,0.3,0.0,14.0,30.9,High,Low,MATURE,Stable-to-moderate growth (0%) | Niche market ($0.0M) | Share position (0.3%) | Competitive market (5 competitors),Limited market size: constrained opportunity and thin liquidity,MONITOR
101.0,48.97959183673469,42.99076869105463,Avoid,SANOFI_VALPROIC ACID_VIETNAM,VALPROIC ACID,SANOFI,VIETNAM,HOSPITAL,0.0,0.0,0.0,19,17.2,0.0,12.9,31.1,High,Low,MATURE,Stable-to-moderate growth (0%) | Niche market ($0.0M) | Share position (17.2%) | Fragmented market (19 competitors),Limited market size: constrained opportunity and thin liquidity,MONITOR
102.0,48.46938775510204,42.708137227158375,Avoid,CPC1 HA NOI_LEVETIRACETAM_VIETNAM,LEVETIRACETAM,CPC1 HA NOI,VIETNAM,RETAIL,0.0,0.0,0.0,19,17.2,0.0,9.4,27.3,High,Low,MATURE,Stable-to-moderate growth (0%) | Niche market ($0.0M) | Share position (17.2%) | Fragmented market (19 competitors),Limited market size: constrained opportunity and thin liquidity,MONITOR
103.0,47.95918367346938,42.70503438915431,Avoid,DAVI PHARM_LEVETIRACETAM_VIETNAM,LEVETIRACETAM,DAVI PHARM,VIETNAM,RETAIL,-97.5,-97.5,0.0,7,21.1,1.168,9.4,27.3,High,Low,MATURE,Declining demand (-98%) | Niche market ($0.0M) | Share position (21.1%) | Competitive market (7 competitors) | High volatility across MAT periods,High volatility: unstable MAT trajectory across periods | Generic erosion pressure: price decline with volume expansion | Market decline: losing 98% revenue | Limited market size: constrained opportunity and thin liquidity,MONITOR
104.0,47.44897959183674,42.70226821315694,Moderate,DAVI PHARM_LEVETIRACETAM_VIETNAM,LEVETIRACETAM,DAVI PHARM,VIETNAM,RETAIL,500.0,500.0,0.1,8,7.5,17.53,9.4,27.3,High,Low,MATURE,Strong growth (500%) | Niche market ($0.1M) | Share position (7.5%) | Competitive market (8 competitors) | High volatility across MAT periods,High volatility: unstable MAT trajectory across periods | Generic erosion pressure: price decline with volume expansion | Limited market size: constrained opportunity and thin liquidity,NICHE_PARTNERSHIP
105.0,46.93877551020408,42.63640969836871,Avoid,DANAPHA (TW5)_VALPROIC ACID_VIETNAM,VALPROIC ACID,DANAPHA (TW5),VIETNAM,RETAIL,0.0,0.0,0.0,14,31.7,0.0,12.0,30.3,High,Low,MATURE,Stable-to-moderate growth (0%) | Niche market ($0.0M) | Share position (31.7%) | Competitive market (14 competitors),Limited market size: constrained opportunity and thin liquidity,MONITOR
106.0,46.42857142857143,42.63384600714266,Moderate,KOREAN DRUG_LEVETIRACETAM_VIETNAM,LEVETIRACETAM,KOREAN DRUG,VIETNAM,HOSPITAL,500.0,500.0,0.2,19,17.2,38.084,9.3,27.9,High,Low,MATURE,Strong growth (500%) | Niche market ($0.2M) | Share position (17.2%) | Fragmented market (19 competitors) | High volatility across MAT periods,High volatility: unstable MAT trajectory across periods | Generic erosion pressure: price decline with volume expansion | Limited market size: constrained opportunity and thin liquidity,NICHE_PARTNERSHIP
107.0,45.91836734693878,42.622788206239846,Moderate,DAVI PHARM_VALPROIC ACID_VIETNAM,VALPROIC ACID,DAVI PHARM,VIETNAM,RETAIL,500.0,500.0,0.0,4,0.2,5.761,30.4,48.0,Medium,Low,MATURE,Strong growth (500%) | Niche market ($0.0M) | Share position (0.2%) | Competitive market (4 competitors) | Price erosion (-16.8%) | High volatility across MAT periods,High volatility: unstable MAT trajectory across periods | Generic erosion pressure: price decline with volume expansion | Limited market size: constrained opportunity and thin liquidity,TENDER_STRATEGY
108.0,45.40816326530612,42.49833656973316,Avoid,ZYDUS CADILA_LEVETIRACETAM_VIETNAM,LEVETIRACETAM,ZYDUS CADILA,VIETNAM,HOSPITAL,0.0,0.0,0.1,7,12.3,0.0,9.2,27.9,High,Low,MATURE,Stable-to-moderate growth (0%) | Niche market ($0.1M) | Share position (12.3%) | Competitive market (7 competitors),Limited market size: constrained opportunity and thin liquidity,MONITOR
109.0,44.89795918367347,42.49142663993123,Avoid,TORRENT_LEVETIRACETAM_VIETNAM,LEVETIRACETAM,TORRENT,VIETNAM,HOSPITAL,0.0,0.0,0.0,14,31.7,0.0,9.2,27.9,High,Low,MATURE,Stable-to-moderate growth (0%) | Niche market ($0.0M) | Share position (31.7%) | Competitive market (14 competitors),Limited market size: constrained opportunity and thin liquidity,MONITOR
110.0,44.38775510204081,42.48683411123724,Moderate,PYMEPHARCO_LEVETIRACETAM_VIETNAM,LEVETIRACETAM,PYMEPHARCO,VIETNAM,HOSPITAL,408.3,408.3,0.0,19,17.2,4.794,9.2,27.9,High,Low,MATURE,Strong growth (408%) | Niche market ($0.0M) | Share position (17.2%) | Fragmented market (19 competitors) | High volatility across MAT periods,High volatility: unstable MAT trajectory across periods | Generic erosion pressure: price decline with volume expansion | Limited market size: constrained opportunity and thin liquidity,NICHE_PARTNERSHIP
111.0,43.87755102040816,42.480481089877784,Avoid,TORRENT_LEVETIRACETAM_VIETNAM,LEVETIRACETAM,TORRENT,VIETNAM,HOSPITAL,-20.3,-20.3,0.0,19,17.2,2.361,9.2,27.9,High,Low,MATURE,Declining demand (-20%) | Niche market ($0.0M) | Share position (17.2%) | Fragmented market (19 competitors) | Price erosion (-11.1%) | High volatility across MAT periods,High volatility: unstable MAT trajectory across periods | Market decline: losing 20% revenue | Limited market size: constrained opportunity and thin liquidity,MONITOR
112.0,43.36734693877551,42.46521462623977,Avoid,CPC1 HA NOI_LEVETIRACETAM_VIETNAM,LEVETIRACETAM,CPC1 HA NOI,VIETNAM,HOSPITAL,0.0,0.0,0.0,19,17.2,0.0,9.2,27.9,High,Low,MATURE,Stable-to-moderate growth (0%) | Niche market ($0.0M) | Share position (17.2%) | Fragmented market (19 competitors),Limited market size: constrained opportunity and thin liquidity,MONITOR
113.0,42.857142857142854,42.459557604071364,Avoid,DAVI PHARM_LEVETIRACETAM_VIETNAM,LEVETIRACETAM,DAVI PHARM,VIETNAM,HOSPITAL,-52.4,-52.4,0.0,19,17.2,0.258,9.2,27.9,High,Low,MATURE,Declining demand (-52%) | Niche market ($0.0M) | Share position (17.2%) | Fragmented market (19 competitors) | Price erosion (-25.7%),Market decline: losing 52% revenue | Limited market size: constrained opportunity and thin liquidity,MONITOR
114.0,42.3469387755102,42.45784022919611,Moderate,SAVIPHARM_LEVETIRACETAM_VIETNAM,LEVETIRACETAM,SAVIPHARM,VIETNAM,HOSPITAL,500.0,500.0,0.0,19,17.8,6.046,9.2,27.9,High,Low,MATURE,Strong growth (500%) | Niche market ($0.0M) | Share position (17.8%) | Fragmented market (19 competitors) | High volatility across MAT periods,High volatility: unstable MAT trajectory across periods | Generic erosion pressure: price decline with volume expansion | Limited market size: constrained opportunity and thin liquidity,NICHE_PARTNERSHIP
115.0,41.83673469387755,41.879185505228605,Avoid,PHARMEDIC_TRIHEXYPHENIDYL_VIETNAM,TRIHEXYPHENIDYL,PHARMEDIC,VIETNAM,RETAIL,0.0,0.0,0.0,14,31.1,0.0,19.4,40.1,High,Low,MATURE,Stable-to-moderate growth (0%) | Niche market ($0.0M) | Share position (31.1%) | Competitive market (14 competitors),Limited market size: constrained opportunity and thin liquidity,MONITOR
116.0,41.3265306122449,41.25845542428594,Moderate,SUN PHARMA_CARBIDOPA!LEVODOPA_VIETNAM,CARBIDOPA!LEVODOPA,SUN PHARMA,VIETNAM,HOSPITAL,500.0,500.0,0.0,14,31.1,14.16,6.7,37.5,High,Low,MATURE,Strong growth (500%) | Niche market ($0.0M) | Share position (31.1%) | Competitive market (14 competitors) | Price erosion (-26.7%) | High volatility across MAT periods,High volatility: unstable MAT trajectory across periods | Generic erosion pressure: price decline with volume expansion | Limited market size: constrained opportunity and thin liquidity,NICHE_PARTNERSHIP
117.0,40.816326530612244,41.08720918066378,Avoid,Y.A.C PHARMA_LEVETIRACETAM_VIETNAM,LEVETIRACETAM,Y.A.C PHARMA,VIETNAM,HOSPITAL,0.0,0.0,0.0,7,5.4,0.0,5.4,28.5,High,Low,MATURE,Stable-to-moderate growth (0%) | Niche market ($0.0M) | Share position (5.4%) | Competitive market (7 competitors),Limited market size: constrained opportunity and thin liquidity,MONITOR
118.0,40.30612244897959,40.666142676773696,Avoid,NOVARTIS PHARMA_CARBAMAZEPINE_VIETNAM,CARBAMAZEPINE,NOVARTIS PHARMA,VIETNAM,HOSPITAL,0.0,0.0,0.0,6,3.5,0.0,13.5,38.6,High,Low,MATURE,Stable-to-moderate growth (0%) | Niche market ($0.0M) | Share position (3.5%) | Competitive market (6 competitors),Limited market size: constrained opportunity and thin liquidity,MONITOR
119.0,39.795918367346935,40.55512900555383,Avoid,BOEH. INGEL_PRAMIPEXOLE_VIETNAM,PRAMIPEXOLE,BOEH. INGEL,VIETNAM,HOSPITAL,0.0,0.0,0.0,6,3.5,0.0,7.2,37.6,High,Low,MATURE,Stable-to-moderate growth (0%) | Niche market ($0.0M) | Share position (3.5%) | Competitive market (6 competitors),Limited market size: constrained opportunity and thin liquidity,MONITOR
120.0,39.285714285714285,40.470958052214144,Avoid,KHAPHARCO_TRIHEXYPHENIDYL_VIETNAM,TRIHEXYPHENIDYL,KHAPHARCO,VIETNAM,HOSPITAL,19.6,19.6,0.3,7,15.3,0.131,15.1,40.7,High,Low,MATURE,Stable-to-moderate growth (20%) | Niche market ($0.3M) | Share position (15.3%) | Competitive market (7 competitors),Limited market size: constrained opportunity and thin liquidity,NICHE_PARTNERSHIP
121.0,38.775510204081634,40.40141796867195,Avoid,PHARMATHEN_PRAMIPEXOLE_VIETNAM,PRAMIPEXOLE,PHARMATHEN,VIETNAM,HOSPITAL,-55.7,-55.7,0.0,7,15.3,0.237,10.6,37.5,High,Low,MATURE,Declining demand (-56%) | Niche market ($0.0M) | Share position (15.3%) | Competitive market (7 competitors),Market decline: losing 56% revenue | Limited market size: constrained opportunity and thin liquidity,MONITOR
122.0,38.265306122448976,40.14703200335208,Avoid,NOVARTIS PHARMA_CARBAMAZEPINE_VIETNAM,CARBAMAZEPINE,NOVARTIS PHARMA,VIETNAM,HOSPITAL,-20.8,-20.8,0.1,7,15.3,0.236,10.3,38.5,High,Low,MATURE,Declining demand (-21%) | Niche market ($0.1M) | Share position (15.3%) | Competitive market (7 competitors),Market decline: losing 21% revenue | Limited market size: constrained opportunity and thin liquidity,MONITOR
123.0,37.755102040816325,40.09586135283374,Avoid,EVERTOGEN_CARBIDOPA!LEVODOPA_VIETNAM,CARBIDOPA!LEVODOPA,EVERTOGEN,VIETNAM,HOSPITAL,0.0,0.0,0.0,7,15.3,0.0,7.8,37.5,High,Low,MATURE,Stable-to-moderate growth (0%) | Niche market ($0.0M) | Share position (15.3%) | Competitive market (7 competitors),Limited market size: constrained opportunity and thin liquidity,MONITOR
124.0,37.244897959183675,39.93186098435099,Avoid,BOSTON VN_PRAMIPEXOLE_VIETNAM,PRAMIPEXOLE,BOSTON VN,VIETNAM,HOSPITAL,0.0,0.0,0.0,19,17.8,0.0,10.5,37.5,High,Low,MATURE,Stable-to-moderate growth (0%) | Niche market ($0.0M) | Share position (17.8%) | Fragmented market (19 competitors),Limited market size: constrained opportunity and thin liquidity,MONITOR
125.0,36.734693877551024,39.56470898560664,Moderate,NORMON_PRAMIPEXOLE_VIETNAM,PRAMIPEXOLE,NORMON,VIETNAM,RETAIL,143.3,143.3,0.0,6,3.5,0.085,8.6,36.9,High,Low,MATURE,Strong growth (143%) | Niche market ($0.0M) | Share position (3.5%) | Competitive market (6 competitors),Generic erosion pressure: price decline with volume expansion | Limited market size: constrained opportunity and thin liquidity,NICHE_PARTNERSHIP
126.0,36.224489795918366,39.55486448351238,Moderate,PHARMATHEN_PRAMIPEXOLE_VIETNAM,PRAMIPEXOLE,PHARMATHEN,VIETNAM,RETAIL,199.3,199.3,0.0,19,17.8,1.073,8.6,36.9,High,Low,MATURE,Strong growth (199%) | Niche market ($0.0M) | Share position (17.8%) | Fragmented market (19 competitors) | Price erosion (-11.7%) | High volatility across MAT periods,High volatility: unstable MAT trajectory across periods | Generic erosion pressure: price decline with volume expansion | Limited market size: constrained opportunity and thin liquidity,NICHE_PARTNERSHIP
127.0,35.714285714285715,39.530226813034474,Avoid,BOSTON VN_PRAMIPEXOLE_VIETNAM,PRAMIPEXOLE,BOSTON VN,VIETNAM,RETAIL,0.0,0.0,0.0,5,6.0,0.0,8.6,36.9,High,Low,MATURE,Stable-to-moderate growth (0%) | Niche market ($0.0M) | Share position (6.0%) | Competitive market (5 competitors),Limited market size: constrained opportunity and thin liquidity,MONITOR
128.0,35.204081632653065,39.523677395810964,Moderate,EVERTOGEN_CARBIDOPA!LEVODOPA_VIETNAM,CARBIDOPA!LEVODOPA,EVERTOGEN,VIETNAM,HOSPITAL,500.0,500.0,0.0,4,0.7,10.003,7.7,37.5,High,Low,MATURE,Strong growth (500%) | Niche market ($0.0M) | Share position (0.7%) | Competitive market (4 competitors) | Pricing power (13.4% growth) | High volatility across MAT periods,High volatility: unstable MAT trajectory across periods | Generic erosion pressure: price decline with volume expansion | Limited market size: constrained opportunity and thin liquidity,DIFFERENTIATION
129.0,34.69387755102041,39.51844962308877,Avoid,DRP INTER_CARBIDOPA!LEVODOPA_VIETNAM,CARBIDOPA!LEVODOPA,DRP INTER,VIETNAM,HOSPITAL,3.0,3.0,0.0,2,0.3,0.39,7.7,37.5,High,Low,MATURE,Stable-to-moderate growth (3%) | Niche market ($0.0M) | Share position (0.3%) | Concentrated market (2 competitors),Limited market size: constrained opportunity and thin liquidity,MONITOR
130.0,34.183673469387756,39.44937238785458,Avoid,VINPHACO-VINH PHUC_CARBIDOPA!LEVODOPA_VIETNAM,CARBIDOPA!LEVODOPA,VINPHACO-VINH PHUC,VIETNAM,HOSPITAL,-51.6,-51.6,0.0,4,0.7,0.174,7.7,37.5,High,Low,MATURE,Declining demand (-52%) | Niche market ($0.0M) | Share position (0.7%) | Competitive market (4 competitors) | Pricing power (29.7% growth),Generic erosion pressure: price decline with volume expansion | Market decline: losing 52% revenue | Limited market size: constrained opportunity and thin liquidity,MONITOR
131.0,33.6734693877551,39.216384963741746,Avoid,SAVIPHARM_CARBIDOPA!LEVODOPA_VIETNAM,CARBIDOPA!LEVODOPA,SAVIPHARM,VIETNAM,HOSPITAL,-5.7,-5.7,0.0,14,31.1,0.305,7.6,37.5,High,Low,MATURE,Stable-to-moderate growth (-6%) | Niche market ($0.0M) | Share position (31.1%) | Competitive market (14 competitors),Limited market size: constrained opportunity and thin liquidity,MONITOR
132.0,33.16326530612245,39.01357277654013,Avoid,JANSSEN-CILAG_TOPIRAMATE_VIETNAM,TOPIRAMATE,JANSSEN-CILAG,VIETNAM,RETAIL,47.2,47.2,0.0,14,31.1,0.422,4.4,35.9,High,Low,MATURE,Stable-to-moderate growth (47%) | Niche market ($0.0M) | Share position (31.1%) | Competitive market (14 competitors) | Pricing power (47.2% growth),Limited market size: constrained opportunity and thin liquidity,DIFFERENTIATION
133.0,32.6530612244898,38.97971694994882,High Potential,SUN PHARMA_TOPIRAMATE_VIETNAM,TOPIRAMATE,SUN PHARMA,VIETNAM,HOSPITAL,356.2,356.2,0.1,14,31.1,0.408,6.1,36.4,High,Low,MATURE,Strong growth (356%) | Niche market ($0.1M) | Share position (31.1%) | Competitive market (14 competitors),Generic erosion pressure: price decline with volume expansion | Limited market size: constrained opportunity and thin liquidity,DIFFERENTIATION
134.0,32.142857142857146,38.86347870860706,Avoid,SAVIPHARM_TOPIRAMATE_VIETNAM,TOPIRAMATE,SAVIPHARM,VIETNAM,RETAIL,-83.6,-83.6,0.0,14,31.1,0.854,5.4,35.8,High,Low,MATURE,Declining demand (-84%) | Niche market ($0.0M) | Share position (31.1%) | Competitive market (14 competitors) | High volatility across MAT periods,High volatility: unstable MAT trajectory across periods | Generic erosion pressure: price decline with volume expansion | Market decline: losing 84% revenue | Limited market size: constrained opportunity and thin liquidity,MONITOR
135.0,31.63265306122449,38.54319581172264,Avoid,AN THIEN_A.T PHARM_CARBIDOPA!LEVODOPA_VIETNAM,CARBIDOPA!LEVODOPA,AN THIEN_A.T PHARM,VIETNAM,RETAIL,0.0,0.0,0.0,5,4.1,0.0,5.4,36.9,High,Low,MATURE,Stable-to-moderate growth (0%) | Niche market ($0.0M) | Share position (4.1%) | Competitive market (5 competitors),Limited market size: constrained opportunity and thin liquidity,MONITOR
136.0,31.122448979591837,38.541425548846135,Avoid,EVERTOGEN_CARBIDOPA!LEVODOPA_VIETNAM,CARBIDOPA!LEVODOPA,EVERTOGEN,VIETNAM,RETAIL,0.0,0.0,0.0,19,17.8,0.0,5.4,36.9,High,Low,MATURE,Stable-to-moderate growth (0%) | Niche market ($0.0M) | Share position (17.8%) | Fragmented market (19 competitors),Limited market size: constrained opportunity and thin liquidity,MONITOR
137.0,30.612244897959183,38.53840929471935,Avoid,DRP INTER_CARBIDOPA!LEVODOPA_VIETNAM,CARBIDOPA!LEVODOPA,DRP INTER,VIETNAM,RETAIL,0.0,0.0,0.0,19,17.8,0.0,5.4,36.9,High,Low,MATURE,Stable-to-moderate growth (0%) | Niche market ($0.0M) | Share position (17.8%) | Fragmented market (19 competitors),Limited market size: constrained opportunity and thin liquidity,MONITOR
138.0,30.102040816326532,38.47280389573351,Moderate,BOEH. INGEL_PRAMIPEXOLE_VIETNAM,PRAMIPEXOLE,BOEH. INGEL,VIETNAM,RETAIL,47.8,47.8,0.0,19,17.8,0.338,4.5,36.9,High,Low,MATURE,Stable-to-moderate growth (48%) | Niche market ($0.0M) | Share position (17.8%) | Fragmented market (19 competitors),Limited market size: constrained opportunity and thin liquidity,NICHE_PARTNERSHIP
139.0,29.591836734693878,38.38146557394903,Moderate,JANSSEN-CILAG_TOPIRAMATE_VIETNAM,TOPIRAMATE,JANSSEN-CILAG,VIETNAM,RETAIL,500.0,500.0,0.0,5,6.0,2.022,2.6,35.9,High,Low,MATURE,Strong growth (500%) | Niche market ($0.0M) | Share position (6.0%) | Competitive market (5 competitors) | Pricing power (48.6% growth) | High volatility across MAT periods,High volatility: unstable MAT trajectory across periods | Generic erosion pressure: price decline with volume expansion | Limited market size: constrained opportunity and thin liquidity,DIFFERENTIATION
140.0,29.081632653061224,38.13557458191293,Moderate,PYMEPHARCO_CARBAMAZEPINE_VIETNAM,CARBAMAZEPINE,PYMEPHARCO,VIETNAM,RETAIL,500.0,500.0,0.0,8,5.5,14.408,5.1,37.9,High,Low,MATURE,Strong growth (500%) | Niche market ($0.0M) | Share position (5.5%) | Competitive market (8 competitors) | High volatility across MAT periods,High volatility: unstable MAT trajectory across periods | Generic erosion pressure: price decline with volume expansion | Limited market size: constrained opportunity and thin liquidity,DIFFERENTIATION
141.0,28.57142857142857,38.02393638417304,Avoid,APOTEX INC._CARBAMAZEPINE_VIETNAM,CARBAMAZEPINE,APOTEX INC.,VIETNAM,RETAIL,-73.8,-73.8,0.0,8,5.5,0.522,4.7,37.9,High,Low,MATURE,Declining demand (-74%) | Niche market ($0.0M) | Share position (5.5%) | Competitive market (8 competitors) | Pricing power (10.6% growth) | High volatility across MAT periods,High volatility: unstable MAT trajectory across periods | Generic erosion pressure: price decline with volume expansion | Market decline: losing 74% revenue | Limited market size: constrained opportunity and thin liquidity,MONITOR
142.0,28.061224489795915,38.023820924162564,Avoid,S.C.ARENA GROUP_CARBAMAZEPINE_VIETNAM,CARBAMAZEPINE,S.C.ARENA GROUP,VIETNAM,RETAIL,-5.8,-5.8,0.0,14,31.1,38.879,4.7,37.9,High,Low,MATURE,Stable-to-moderate growth (-6%) | Niche market ($0.0M) | Share position (31.1%) | Competitive market (14 competitors) | Price erosion (-35.0%) | High volatility across MAT periods,High volatility: unstable MAT trajectory across periods | Generic erosion pressure: price decline with volume expansion | Limited market size: constrained opportunity and thin liquidity,MONITOR
143.0,27.55102040816326,37.97123061173838,Avoid,DANAPHA (TW5)_OXCARBAZEPINE_VIETNAM,OXCARBAZEPINE,DANAPHA (TW5),VIETNAM,RETAIL,0.0,0.0,0.0,7,5.4,0.0,5.5,38.9,High,Low,MATURE,Stable-to-moderate growth (0%) | Niche market ($0.0M) | Share position (5.4%) | Competitive market (7 competitors),Limited market size: constrained opportunity and thin liquidity,MONITOR
144.0,27.040816326530614,37.76473811028171,Moderate,DAVI PHARM_LAMOTRIGINE_VIETNAM,LAMOTRIGINE,DAVI PHARM,VIETNAM,RETAIL,80.0,80.0,0.0,1,2.8,1.621,4.9,38.9,High,Low,MATURE,Strong growth (80%) | Niche market ($0.0M) | Share position (2.8%) | Concentrated market (1 competitors) | Price erosion (-16.4%) | High volatility across MAT periods,High volatility: unstable MAT trajectory across periods | Generic erosion pressure: price decline with volume expansion | Limited market size: constrained opportunity and thin liquidity,NICHE_PARTNERSHIP
145.0,26.53061224489796,37.7466595042421,Avoid,SUN PHARMA_TOPIRAMATE_VIETNAM,TOPIRAMATE,SUN PHARMA,VIETNAM,HOSPITAL,51.8,51.8,0.1,1,2.8,0.773,2.5,36.4,High,Low,MATURE,Strong growth (52%) | Niche market ($0.1M) | Share position (2.8%) | Concentrated market (1 competitors) | Price erosion (-17.8%) | High volatility across MAT periods,High volatility: unstable MAT trajectory across periods | Generic erosion pressure: price decline with volume expansion | Limited market size: constrained opportunity and thin liquidity,NICHE_PARTNERSHIP
146.0,26.02040816326531,37.331659045307916,Avoid,INCEPTA PHARMA_PHENOBARBITAL_VIETNAM,PHENOBARBITAL,INCEPTA PHARMA,VIETNAM,HOSPITAL,-63.8,-63.8,0.0,1,2.8,0.238,5.0,40.6,High,Low,MATURE,Declining demand (-64%) | Niche market ($0.0M) | Share position (2.8%) | Concentrated market (1 competitors),Market decline: losing 64% revenue | Limited market size: constrained opportunity and thin liquidity,MONITOR
147.0,25.510204081632654,37.248986996819696,Avoid,STELLAPHARM_LAMOTRIGINE_VIETNAM,LAMOTRIGINE,STELLAPHARM,VIETNAM,HOSPITAL,0.0,0.0,0.0,7,5.4,0.0,3.7,39.5,High,Low,MATURE,Stable-to-moderate growth (0%) | Niche market ($0.0M) | Share position (5.4%) | Competitive market (7 competitors),Limited market size: constrained opportunity and thin liquidity,MONITOR
148.0,25.0,37.20695311680093,Avoid,TORRENT_LAMOTRIGINE_VIETNAM,LAMOTRIGINE,TORRENT,VIETNAM,HOSPITAL,-16.1,-16.1,0.0,5,4.1,0.441,3.7,39.5,High,Low,MATURE,Declining demand (-16%) | Niche market ($0.0M) | Share position (4.1%) | Competitive market (5 competitors),Limited market size: constrained opportunity and thin liquidity,MONITOR
149.0,24.489795918367346,37.203171988121866,Avoid,DAVI PHARM_LAMOTRIGINE_VIETNAM,LAMOTRIGINE,DAVI PHARM,VIETNAM,HOSPITAL,45.5,45.5,0.1,5,4.1,0.518,3.7,39.5,High,Low,MATURE,Stable-to-moderate growth (46%) | Niche market ($0.1M) | Share position (4.1%) | Competitive market (5 competitors) | High volatility across MAT periods,High volatility: unstable MAT trajectory across periods | Limited market size: constrained opportunity and thin liquidity,NICHE_PARTNERSHIP
150.0,23.97959183673469,37.12236494082488,Moderate,ROCHE VNX_BENSERAZIDE!LEVODOPA_VIETNAM,BENSERAZIDE!LEVODOPA,ROCHE VNX,VIETNAM,RETAIL,157.0,157.0,0.0,19,17.8,0.369,5.6,41.8,High,Low,MATURE,Strong growth (157%) | Niche market ($0.0M) | Share position (17.8%) | Fragmented market (19 competitors),Generic erosion pressure: price decline with volume expansion | Limited market size: constrained opportunity and thin liquidity,NICHE_PARTNERSHIP
151.0,23.46938775510204,36.956631983861115,Avoid,GSK_LAMOTRIGINE_VIETNAM,LAMOTRIGINE,GSK,VIETNAM,RETAIL,1.5,1.5,0.5,19,17.8,0.057,1.8,39.0,High,Low,MATURE,Stable-to-moderate growth (1%) | Niche market ($0.5M) | Share position (17.8%) | Fragmented market (19 competitors),Limited market size: constrained opportunity and thin liquidity,MONITOR
152.0,22.95918367346939,36.878128152939944,Avoid,DANAPHA (TW5)_PHENOBARBITAL_VIETNAM,PHENOBARBITAL,DANAPHA (TW5),VIETNAM,HOSPITAL,5.0,5.0,0.0,19,17.8,0.122,3.6,40.5,High,Low,MATURE,Stable-to-moderate growth (5%) | Niche market ($0.0M) | Share position (17.8%) | Fragmented market (19 competitors) | Price erosion (-11.1%),Limited market size: constrained opportunity and thin liquidity,MONITOR
153.0,22.448979591836736,36.80924271492379,Avoid,DANAPHA (TW5)_PHENYTOIN_VIETNAM,PHENYTOIN,DANAPHA (TW5),VIETNAM,RETAIL,-68.5,-68.5,0.0,7,5.4,0.632,4.6,41.9,High,Low,MATURE,Declining demand (-69%) | Niche market ($0.0M) | Share position (5.4%) | Competitive market (7 competitors) | High volatility across MAT periods,High volatility: unstable MAT trajectory across periods | Market decline: losing 69% revenue | Limited market size: constrained opportunity and thin liquidity,MONITOR
154.0,21.93877551020408,36.75040467399582,Moderate,JUBILANT GENERICS_OXCARBAZEPINE_VIETNAM,OXCARBAZEPINE,JUBILANT GENERICS,VIETNAM,HOSPITAL,500.0,500.0,0.2,7,5.4,4.549,2.3,39.7,High,Low,MATURE,Strong growth (500%) | Niche market ($0.2M) | Share position (5.4%) | Competitive market (7 competitors) | High volatility across MAT periods,High volatility: unstable MAT trajectory across periods | Generic erosion pressure: price decline with volume expansion | Limited market size: constrained opportunity and thin liquidity,NICHE_PARTNERSHIP
155.0,21.428571428571427,36.27009686634208,Moderate,ROCHE VNX_CLONAZEPAM_VIETNAM,CLONAZEPAM,ROCHE VNX,VIETNAM,RETAIL,141.6,141.6,0.0,19,17.8,0.595,3.7,42.7,High,Low,MATURE,Strong growth (142%) | Niche market ($0.0M) | Share position (17.8%) | Fragmented market (19 competitors) | High volatility across MAT periods,High volatility: unstable MAT trajectory across periods | Generic erosion pressure: price decline with volume expansion | Limited market size: constrained opportunity and thin liquidity,NICHE_PARTNERSHIP
156.0,20.918367346938776,36.240817045869434,Avoid,NOVARTIS PHARMA_CARBIDOPA!ENTACAPONE!LEVODOPA_VIETNAM,CARBIDOPA!ENTACAPONE!LEVODOPA,NOVARTIS PHARMA,VIETNAM,RETAIL,0.0,0.0,0.0,14,31.1,0.0,3.6,42.7,High,Low,MATURE,Stable-to-moderate growth (0%) | Niche market ($0.0M) | Share position (31.1%) | Competitive market (14 competitors),Limited market size: constrained opportunity and thin liquidity,MONITOR
157.0,20.408163265306122,36.229936034239856,Avoid,NOVARTIS PHARMA_CARBIDOPA!ENTACAPONE!LEVODOPA_VIETNAM,CARBIDOPA!ENTACAPONE!LEVODOPA,NOVARTIS PHARMA,VIETNAM,RETAIL,-66.7,-66.7,0.0,8,5.5,0.322,3.6,42.7,High,Low,MATURE,Declining demand (-67%) | Niche market ($0.0M) | Share position (5.5%) | Competitive market (8 competitors) | Pricing power (21.6% growth),Generic erosion pressure: price decline with volume expansion | Market decline: losing 67% revenue | Limited market size: constrained opportunity and thin liquidity,MONITOR
158.0,19.897959183673468,36.22207593960927,Avoid,SERVIER_PIRIBEDIL_VIETNAM,PIRIBEDIL,SERVIER,VIETNAM,RETAIL,-91.1,-91.1,0.0,8,5.5,0.491,3.6,42.7,High,Low,MATURE,Declining demand (-91%) | Niche market ($0.0M) | Share position (5.5%) | Competitive market (8 competitors) | Pricing power (66.3% growth),Generic erosion pressure: price decline with volume expansion | Market decline: losing 91% revenue | Limited market size: constrained opportunity and thin liquidity,MONITOR
159.0,19.387755102040817,36.22157065864912,Avoid,SANOFI VNX_TRIHEXYPHENIDYL_VIETNAM,TRIHEXYPHENIDYL,SANOFI VNX,VIETNAM,RETAIL,-4.3,-4.3,0.1,8,5.5,0.214,0.9,39.9,High,Low,MATURE,Stable-to-moderate growth (-4%) | Niche market ($0.1M) | Share position (5.5%) | Competitive market (8 competitors),Limited market size: constrained opportunity and thin liquidity,MONITOR
160.0,18.877551020408163,36.19156238930647,Avoid,NOVARTIS PHARMA_CARBIDOPA!ENTACAPONE!LEVODOPA_VIETNAM,CARBIDOPA!ENTACAPONE!LEVODOPA,NOVARTIS PHARMA,VIETNAM,HOSPITAL,-10.9,-10.9,0.1,8,5.5,0.276,3.6,43.3,High,Low,MATURE,Declining demand (-11%) | Niche market ($0.1M) | Share position (5.5%) | Competitive market (8 competitors),Limited market size: constrained opportunity and thin liquidity,MONITOR
161.0,18.367346938775512,34.88768375229472,Moderate,MYUNG IN PHAM_VALPROIC ACID_VIETNAM,VALPROIC ACID,MYUNG IN PHAM,VIETNAM,RETAIL,283.5,283.5,0.0,7,15.3,2.004,6.3,30.9,High,Low,MATURE,Strong growth (283%) | Niche market ($0.0M) | Share position (15.3%) | Competitive market (7 competitors) | High volatility across MAT periods,High volatility: unstable MAT trajectory across periods | Generic erosion pressure: price decline with volume expansion | Limited market size: constrained opportunity and thin liquidity,NICHE_PARTNERSHIP
162.0,17.857142857142858,34.44779354904652,Moderate,NOVARTIS PHARMA_OXCARBAZEPINE_VIETNAM,OXCARBAZEPINE,NOVARTIS PHARMA,VIETNAM,RETAIL,385.3,385.3,0.1,7,15.3,2.725,1.7,39.1,High,Low,MATURE,Strong growth (385%) | Niche market ($0.1M) | Share position (15.3%) | Competitive market (7 competitors) | High volatility across MAT periods,High volatility: unstable MAT trajectory across periods | Generic erosion pressure: price decline with volume expansion | Limited market size: constrained opportunity and thin liquidity,NICHE_PARTNERSHIP
163.0,17.346938775510203,34.02594532355759,Moderate,NOVARTIS PHARMA_CARBAMAZEPINE_VIETNAM,CARBAMAZEPINE,NOVARTIS PHARMA,VIETNAM,RETAIL,100.6,100.6,0.0,19,17.8,0.712,1.1,37.9,High,Low,MATURE,Strong growth (101%) | Niche market ($0.0M) | Share position (17.8%) | Fragmented market (19 competitors) | High volatility across MAT periods,High volatility: unstable MAT trajectory across periods | Generic erosion pressure: price decline with volume expansion | Limited market size: constrained opportunity and thin liquidity,NICHE_PARTNERSHIP
164.0,16.83673469387755,32.24032110287506,Moderate,DANAPHA (TW5)_VALPROIC ACID_VIETNAM,VALPROIC ACID,DANAPHA (TW5),VIETNAM,HOSPITAL,46.4,46.4,0.0,19,17.8,0.077,7.0,44.9,Medium,Low,MATURE,Stable-to-moderate growth (46%) | Niche market ($0.0M) | Share position (17.8%) | Fragmented market (19 competitors),Limited market size: constrained opportunity and thin liquidity,NICHE_PARTNERSHIP
165.0,16.3265306122449,32.15209589613632,Moderate,GSK_LEVETIRACETAM_VIETNAM,LEVETIRACETAM,GSK,VIETNAM,HOSPITAL,268.3,268.3,0.1,7,15.3,0.718,3.1,28.4,High,Low,MATURE,Strong growth (268%) | Niche market ($0.1M) | Share position (15.3%) | Competitive market (7 competitors) | High volatility across MAT periods,High volatility: unstable MAT trajectory across periods | Generic erosion pressure: price decline with volume expansion | Limited market size: constrained opportunity and thin liquidity,NICHE_PARTNERSHIP
166.0,15.816326530612246,31.94465504348137,Moderate,SANOFI_VALPROIC ACID_VIETNAM,VALPROIC ACID,SANOFI,VIETNAM,RETAIL,254.5,254.5,0.0,1,0.0,0.504,5.3,30.3,High,Low,MATURE,Strong growth (255%) | Niche market ($0.0M) | Share position (0.0%) | Concentrated market (1 competitors) | High volatility across MAT periods,High volatility: unstable MAT trajectory across periods | Generic erosion pressure: price decline with volume expansion | Limited market size: constrained opportunity and thin liquidity,DIFFERENTIATION
167.0,15.306122448979592,31.094855465848756,Avoid,NOVARTIS PHARMA_OXCARBAZEPINE_VIETNAM,OXCARBAZEPINE,NOVARTIS PHARMA,VIETNAM,HOSPITAL,0.0,0.0,0.0,14,31.1,0.0,1.1,39.6,High,Low,MATURE,Stable-to-moderate growth (0%) | Niche market ($0.0M) | Share position (31.1%) | Competitive market (14 competitors),Limited market size: constrained opportunity and thin liquidity,MONITOR
168.0,14.795918367346939,30.8070013028603,Avoid,PYMEPHARCO_PHENYTOIN_VIETNAM,PHENYTOIN,PYMEPHARCO,VIETNAM,HOSPITAL,-39.2,-39.2,0.0,14,31.1,2.833,0.2,42.5,High,Low,MATURE,Declining demand (-39%) | Niche market ($0.0M) | Share position (31.1%) | Competitive market (14 competitors) | Pricing power (24.9% growth) | High volatility across MAT periods,High volatility: unstable MAT trajectory across periods | Generic erosion pressure: price decline with volume expansion | Market decline: losing 39% revenue | Limited market size: constrained opportunity and thin liquidity,MONITOR
169.0,14.285714285714285,30.461731513093703,Avoid,NOVARTIS PHARMA_CARBAMAZEPINE_VIETNAM,CARBAMAZEPINE,NOVARTIS PHARMA,VIETNAM,RETAIL,0.0,0.0,0.0,7,15.3,0.0,0.8,37.9,High,Low,MATURE,Stable-to-moderate growth (0%) | Niche market ($0.0M) | Share position (15.3%) | Competitive market (7 competitors),Limited market size: constrained opportunity and thin liquidity,MONITOR
170.0,13.77551020408163,29.94030202459021,Avoid,PYMEPHARCO_LEVETIRACETAM_VIETNAM,LEVETIRACETAM,PYMEPHARCO,VIETNAM,HOSPITAL,-30.4,-30.4,0.1,6,3.5,0.025,2.9,28.0,High,Low,MATURE,Declining demand (-30%) | Niche market ($0.1M) | Share position (3.5%) | Competitive market (6 competitors),Market decline: losing 30% revenue | Limited market size: constrained opportunity and thin liquidity,MONITOR
171.0,13.26530612244898,28.860954247337062,Avoid,ZYDUS CADILA_LEVETIRACETAM_VIETNAM,LEVETIRACETAM,ZYDUS CADILA,VIETNAM,HOSPITAL,-41.5,-41.5,0.0,6,3.5,0.008,3.0,34.4,High,Low,MATURE,Declining demand (-41%) | Niche market ($0.0M) | Share position (3.5%) | Competitive market (6 competitors),Market decline: losing 41% revenue | Limited market size: constrained opportunity and thin liquidity,MONITOR
172.0,12.755102040816327,28.01044483175852,Avoid,BOEH. INGEL_PRAMIPEXOLE_VIETNAM,PRAMIPEXOLE,BOEH. INGEL,VIETNAM,HOSPITAL,0.0,0.0,0.0,1,0.1,0.0,3.8,37.5,High,Low,MATURE,Stable-to-moderate growth (0%) | Niche market ($0.0M) | Share position (0.1%) | Concentrated market (1 competitors),Limited market size: constrained opportunity and thin liquidity,MONITOR
173.0,12.244897959183673,27.55924671455419,Avoid,EISAI_PERAMPANEL_VIETNAM,PERAMPANEL,EISAI,VIETNAM,HOSPITAL,0.0,0.0,0.0,1,0.1,0.0,0.2,43.6,High,Low,MATURE,Stable-to-moderate growth (0%) | Niche market ($0.0M) | Share position (0.1%) | Concentrated market (1 competitors),Limited market size: constrained opportunity and thin liquidity,MONITOR
174.0,11.73469387755102,26.911445043475727,Avoid,SANOFI VNX_TRIHEXYPHENIDYL_VIETNAM,TRIHEXYPHENIDYL,SANOFI VNX,VIETNAM,RETAIL,-30.6,-30.6,0.2,5,6.0,0.652,0.2,40.1,High,Low,MATURE,Declining demand (-31%) | Niche market ($0.2M) | Share position (6.0%) | Competitive market (5 competitors) | High volatility across MAT periods,High volatility: unstable MAT trajectory across periods | Market decline: losing 31% revenue | Limited market size: constrained opportunity and thin liquidity,MONITOR
175.0,11.224489795918368,26.872430029357012,Moderate,BOEH. INGEL_PRAMIPEXOLE_VIETNAM,PRAMIPEXOLE,BOEH. INGEL,VIETNAM,RETAIL,142.8,142.8,0.0,5,6.0,1.747,2.6,36.9,High,Low,MATURE,Strong growth (143%) | Niche market ($0.0M) | Share position (6.0%) | Competitive market (5 competitors) | High volatility across MAT periods,High volatility: unstable MAT trajectory across periods | Generic erosion pressure: price decline with volume expansion | Limited market size: constrained opportunity and thin liquidity,NICHE_PARTNERSHIP
176.0,10.714285714285714,26.68167422896392,Moderate,DAVI PHARM_TOPIRAMATE_VIETNAM,TOPIRAMATE,DAVI PHARM,VIETNAM,HOSPITAL,500.0,500.0,0.0,8,5.5,68.035,1.3,36.5,High,Low,MATURE,Strong growth (500%) | Niche market ($0.0M) | Share position (5.5%) | Competitive market (8 competitors) | High volatility across MAT periods,High volatility: unstable MAT trajectory across periods | Generic erosion pressure: price decline with volume expansion | Limited market size: constrained opportunity and thin liquidity,NICHE_PARTNERSHIP
177.0,10.204081632653061,26.381875414866627,High Potential,DANAPHA (TW5)_TRIHEXYPHENIDYL_VIETNAM,TRIHEXYPHENIDYL,DANAPHA (TW5),VIETNAM,RETAIL,500.0,500.0,0.0,19,17.8,0.689,0.2,40.0,High,Low,MATURE,Strong growth (500%) | Niche market ($0.0M) | Share position (17.8%) | Fragmented market (19 competitors) | Pricing power (15.9% growth) | High volatility across MAT periods,High volatility: unstable MAT trajectory across periods | Generic erosion pressure: price decline with volume expansion | Limited market size: constrained opportunity and thin liquidity,DIFFERENTIATION
178.0,9.693877551020408,23.49782937867399,Avoid,MYUNG IN PHAM_VALPROIC ACID_VIETNAM,VALPROIC ACID,MYUNG IN PHAM,VIETNAM,HOSPITAL,0.0,0.0,0.0,7,15.3,0.0,5.3,31.0,High,Low,MATURE,Stable-to-moderate growth (0%) | Niche market ($0.0M) | Share position (15.3%) | Competitive market (7 competitors),Limited market size: constrained opportunity and thin liquidity,MONITOR
179.0,9.183673469387756,23.205721767134975,Avoid,JANSSEN-J&J GR VNX_TOPIRAMATE_VIETNAM,TOPIRAMATE,JANSSEN-J&J GR VNX,VIETNAM,RETAIL,32.2,32.2,0.0,4,0.7,0.604,0.9,35.9,High,Low,MATURE,Stable-to-moderate growth (32%) | Niche market ($0.0M) | Share position (0.7%) | Competitive market (4 competitors) | High volatility across MAT periods,High volatility: unstable MAT trajectory across periods | Limited market size: constrained opportunity and thin liquidity,NICHE_PARTNERSHIP
180.0,8.673469387755102,23.204289624718175,Avoid,ROCHE_BENSERAZIDE!LEVODOPA_VIETNAM,BENSERAZIDE!LEVODOPA,ROCHE,VIETNAM,RETAIL,12.2,12.2,0.0,6,3.5,0.086,1.2,41.9,High,Low,MATURE,Stable-to-moderate growth (12%) | Niche market ($0.0M) | Share position (3.5%) | Competitive market (6 competitors) | Pricing power (27.9% growth),Limited market size: constrained opportunity and thin liquidity,NICHE_PARTNERSHIP
181.0,8.16326530612245,22.31837553057745,Avoid,PHARMASCIENCE_TOPIRAMATE_VIETNAM,TOPIRAMATE,PHARMASCIENCE,VIETNAM,HOSPITAL,-6.4,-6.4,0.0,19,17.8,0.045,1.3,36.5,High,Low,MATURE,Stable-to-moderate growth (-6%) | Niche market ($0.0M) | Share position (17.8%) | Fragmented market (19 competitors) | Price erosion (-17.5%),Limited market size: constrained opportunity and thin liquidity,MONITOR
182.0,7.653061224489796,22.31279339717993,Moderate,HASAN-DERMAPHARM_CARBIDOPA!LEVODOPA_VIETNAM,CARBIDOPA!LEVODOPA,HASAN-DERMAPHARM,VIETNAM,RETAIL,500.0,500.0,0.0,2,0.3,2.282,0.9,37.0,High,Low,MATURE,Strong growth (500%) | Niche market ($0.0M) | Share position (0.3%) | Concentrated market (2 competitors) | Pricing power (63.4% growth) | High volatility across MAT periods,High volatility: unstable MAT trajectory across periods | Generic erosion pressure: price decline with volume expansion | Limited market size: constrained opportunity and thin liquidity,DIFFERENTIATION
183.0,7.142857142857142,21.871266722383787,Avoid,EISAI_PERAMPANEL_VIETNAM,PERAMPANEL,EISAI,VIETNAM,RETAIL,-64.2,-64.2,0.2,2,6.1,0.313,0.5,42.7,High,Low,MATURE,Declining demand (-64%) | Niche market ($0.2M) | Share position (6.1%) | Concentrated market (2 competitors) | Pricing power (100.0% growth),Generic erosion pressure: price decline with volume expansion | Market decline: losing 64% revenue | Limited market size: constrained opportunity and thin liquidity,MONITOR
184.0,6.63265306122449,21.008946963065718,Avoid,DAVI PHARM_TOPIRAMATE_VIETNAM,TOPIRAMATE,DAVI PHARM,VIETNAM,RETAIL,0.0,0.0,0.0,2,6.1,0.0,0.9,35.9,Medium,Low,MATURE,Stable-to-moderate growth (0%) | Niche market ($0.0M) | Share position (6.1%) | Concentrated market (2 competitors),Limited market size: constrained opportunity and thin liquidity,MONITOR
185.0,6.122448979591836,20.980966403864706,Avoid,DANAPHA (TW5)_VALPROIC ACID_VIETNAM,VALPROIC ACID,DANAPHA (TW5),VIETNAM,RETAIL,0.0,0.0,0.0,1,0.4,0.0,5.1,30.5,Medium,Low,MATURE,Stable-to-moderate growth (0%) | Niche market ($0.0M) | Share position (0.4%) | Concentrated market (1 competitors),Limited market size: constrained opportunity and thin liquidity,MONITOR
186.0,5.612244897959184,19.922463159326142,Moderate,EISAI_PERAMPANEL_VIETNAM,PERAMPANEL,EISAI,VIETNAM,HOSPITAL,228.4,228.4,0.0,1,0.4,2.275,0.1,43.5,Medium,Low,MATURE,Strong growth (228%) | Niche market ($0.0M) | Share position (0.4%) | Concentrated market (1 competitors) | Price erosion (-20.6%) | High volatility across MAT periods,High volatility: unstable MAT trajectory across periods | Generic erosion pressure: price decline with volume expansion | Limited market size: constrained opportunity and thin liquidity,NICHE_PARTNERSHIP
187.0,2.806122448979592,19.5,Moderate,DANAPHA (TW5)_CARBAMAZEPINE_VIETNAM,CARBAMAZEPINE,DANAPHA (TW5),VIETNAM,HOSPITAL,16.3,16.3,0.8,14,31.1,0.239,0.4,38.6,Medium,Low,MATURE,Stable-to-moderate growth (16%) | Niche market ($0.8M) | Share position (31.1%) | Competitive market (14 competitors),Limited market size: constrained opportunity and thin liquidity,NICHE_PARTNERSHIP
188.0,2.806122448979592,19.5,Avoid,DANAPHA (TW5)_PHENOBARBITAL_VIETNAM,PHENOBARBITAL,DANAPHA (TW5),VIETNAM,HOSPITAL,-50.1,-50.1,0.1,14,31.1,0.026,0.0,40.6,Medium,Low,MATURE,Declining demand (-50%) | Niche market ($0.1M) | Share position (31.1%) | Competitive market (14 competitors) | Pricing power (10.4% growth),Market decline: losing 50% revenue | Limited market size: constrained opportunity and thin liquidity,MONITOR
189.0,2.806122448979592,19.5,Moderate,KHAPHARCO_TRIHEXYPHENIDYL_VIETNAM,TRIHEXYPHENIDYL,KHAPHARCO,VIETNAM,HOSPITAL,72.9,72.9,0.1,14,31.1,0.677,0.1,40.9,Medium,Low,MATURE,Strong growth (73%) | Niche market ($0.1M) | Share position (31.1%) | Competitive market (14 competitors) | High volatility across MAT periods,High volatility: unstable MAT trajectory across periods | Limited market size: constrained opportunity and thin liquidity,NICHE_PARTNERSHIP
190.0,2.806122448979592,19.5,Avoid,MYUNG IN PHAM_VALPROIC ACID_VIETNAM,VALPROIC ACID,MYUNG IN PHAM,VIETNAM,HOSPITAL,-49.7,-49.7,0.0,4,0.7,0.646,5.3,31.0,Medium,Low,MATURE,Declining demand (-50%) | Niche market ($0.0M) | Share position (0.7%) | Competitive market (4 competitors) | High volatility across MAT periods,High volatility: unstable MAT trajectory across periods | Market decline: losing 50% revenue | Limited market size: constrained opportunity and thin liquidity,MONITOR
191.0,2.806122448979592,19.5,Avoid,PHARBACO (TW1)_PHENOBARBITAL_VIETNAM,PHENOBARBITAL,PHARBACO (TW1),VIETNAM,HOSPITAL,-16.9,-16.9,0.0,4,0.7,0.006,0.0,41.6,Medium,Low,MATURE,Declining demand (-17%) | Niche market ($0.0M) | Share position (0.7%) | Competitive market (4 competitors),Limited market size: constrained opportunity and thin liquidity,MONITOR
192.0,2.806122448979592,19.5,Avoid,ROCHE_BENSERAZIDE!LEVODOPA_VIETNAM,BENSERAZIDE!LEVODOPA,ROCHE,VIETNAM,HOSPITAL,0.0,0.0,0.0,14,31.1,0.0,0.4,42.5,Medium,Low,MATURE,Stable-to-moderate growth (0%) | Niche market ($0.0M) | Share position (31.1%) | Competitive market (14 competitors),Limited market size: constrained opportunity and thin liquidity,MONITOR
193.0,2.806122448979592,19.5,Moderate,SANDOZ_LEVETIRACETAM_VIETNAM,LEVETIRACETAM,SANDOZ,VIETNAM,HOSPITAL,253.3,253.3,0.0,1,0.1,1.791,2.8,28.0,Medium,Low,MATURE,Strong growth (253%) | Niche market ($0.0M) | Share position (0.1%) | Concentrated market (1 competitors) | Price erosion (-19.5%) | High volatility across MAT periods,High volatility: unstable MAT trajectory across periods | Generic erosion pressure: price decline with volume expansion | Limited market size: constrained opportunity and thin liquidity,NICHE_PARTNERSHIP
194.0,2.806122448979592,19.5,Avoid,TORRENT_PRAMIPEXOLE_VIETNAM,PRAMIPEXOLE,TORRENT,VIETNAM,HOSPITAL,-97.8,-97.8,0.0,5,4.1,0.142,3.5,37.7,Medium,Low,MATURE,Declining demand (-98%) | Niche market ($0.0M) | Share position (4.1%) | Competitive market (5 competitors),Generic erosion pressure: price decline with volume expansion | Market decline: losing 98% revenue | Limited market size: constrained opportunity and thin liquidity,MONITOR
195.0,2.806122448979592,19.5,Avoid,JANSSEN-J&J GR VNX_TOPIRAMATE_VIETNAM,TOPIRAMATE,JANSSEN-J&J GR VNX,VIETNAM,RETAIL,0.0,0.0,0.0,8,5.5,0.0,0.9,35.9,Medium,Low,MATURE,Stable-to-moderate growth (0%) | Niche market ($0.0M) | Share position (5.5%) | Competitive market (8 competitors),Limited market size: constrained opportunity and thin liquidity,MONITOR
196.0,2.806122448979592,19.5,Avoid,SAVIPHARM_LAMOTRIGINE_VIETNAM,LAMOTRIGINE,SAVIPHARM,VIETNAM,RETAIL,0.0,0.0,0.0,1,0.0,0.0,0.7,39.0,Medium,Low,MATURE,Stable-to-moderate growth (0%) | Niche market ($0.0M) | Share position (0.0%) | Concentrated market (1 competitors),Limited market size: constrained opportunity and thin liquidity,MONITOR
