rank,percentile,ensemble_score,investment_tier,molecule_id,molecule,manufacturer,country,sector,revenue_growth_%,revenue_growth,market_size_$M,competition_count,market_share_%,volatility,is_new_entry,is_exit,is_inactive,has_partial_presence,opportunity_score,risk_score,confidence_level,ml_classification,market_segment,key_drivers,risks,entry_strategy
1.0,97.70408163265306,80.5,High Potential,DANAPHA (TW5)_VALPROIC ACID_VIETNAM,VALPROIC ACID,DANAPHA (TW5),VIETNAM,HOSPITAL,146.2,146.2,0.0,19,0.9,2.137,False,False,False,False,70.9,10.1,High,High,GROWTH,🔥 Strong growth (146%) | 🎯 Niche market ($0.0M) | 🏢 Share: 0.9% | 🔀 Fragmented (19 competitors) | 📉 Price pressure (-53.1%) | ⚡ High volatility,High volatility: unstable MAT trajectory across periods | Generic erosion pressure: price decline with volume expansion | Limited market size: constrained opportunity and thin liquidity,NICHE_PARTNERSHIP
2.0,97.70408163265306,80.5,High Potential,GSK_LEVETIRACETAM_VIETNAM,LEVETIRACETAM,GSK,VIETNAM,HOSPITAL,23.2,23.2,0.4,14,6.1,0.139,False,False,False,False,90.3,7.2,High,High,GROWTH,📊 Stable growth (23%) | 🎯 Niche market ($0.4M) | 🏢 Share: 6.1% | ⚔️ Competitive (14 competitors),Limited market size: constrained opportunity and thin liquidity,NICHE_PARTNERSHIP
3.0,97.70408163265306,80.5,High Potential,HASAN-DERMAPHARM_CARBIDOPA!LEVODOPA_VIETNAM,CARBIDOPA!LEVODOPA,HASAN-DERMAPHARM,VIETNAM,HOSPITAL,500.0,500.0,0.1,14,1.8,3.308,False,False,False,False,63.6,18.1,High,High,GROWTH,🔥 Strong growth (500%) | 🎯 Niche market ($0.1M) | 🏢 Share: 1.8% | ⚔️ Competitive (14 competitors) | ⚡ High volatility,High volatility: unstable MAT trajectory across periods | Generic erosion pressure: price decline with volume expansion | Limited market size: constrained opportunity and thin liquidity,NICHE_PARTNERSHIP
4.0,97.70408163265306,80.5,High Potential,JANSSEN-CILAG_TOPIRAMATE_VIETNAM,TOPIRAMATE,JANSSEN-CILAG,VIETNAM,HOSPITAL,,,0.1,7,5.8,55415958441577.76,False,False,False,False,59.4,17.6,High,High,GROWTH,📊 Stable growth (0%) | 🎯 Niche market ($0.1M) | 🏢 Share: 5.8% | ⚔️ Competitive (7 competitors) | ⚡ High volatility,High volatility: unstable MAT trajectory across periods | Generic erosion pressure: price decline with volume expansion | Limited market size: constrained opportunity and thin liquidity,MONITOR
5.0,97.70408163265306,80.5,High Potential,JANSSEN-CILAG_TOPIRAMATE_VIETNAM,TOPIRAMATE,JANSSEN-CILAG,VIETNAM,HOSPITAL,-15.0,-15.0,1.4,7,32.0,0.115,False,False,False,False,67.4,20.8,High,High,GROWTH,⚠️ Declining demand (-15%) | 🎯 Niche market ($1.4M) | 🏢 Share: 32.0% | ⚔️ Competitive (7 competitors),None identified,MONITOR
6.0,97.70408163265306,80.5,High Potential,NOVARTIS PHARMA_OXCARBAZEPINE_VIETNAM,OXCARBAZEPINE,NOVARTIS PHARMA,VIETNAM,HOSPITAL,-12.2,-12.2,0.4,7,8.8,0.736,False,False,False,False,84.2,23.2,High,High,GROWTH,⚠️ Declining demand (-12%) | 🎯 Niche market ($0.4M) | 🏢 Share: 8.8% | ⚔️ Competitive (7 competitors) | ⚡ High volatility,High volatility: unstable MAT trajectory across periods | Limited market size: constrained opportunity and thin liquidity,MONITOR
7.0,97.70408163265306,80.5,High Potential,SANOFI_VALPROIC ACID_VIETNAM,VALPROIC ACID,SANOFI,VIETNAM,HOSPITAL,-59.5,-59.5,0.5,7,12.0,0.329,False,False,False,False,76.8,9.8,High,High,GROWTH,⚠️ Declining demand (-59%) | 🎯 Niche market ($0.5M) | 🏢 Share: 12.0% | ⚔️ Competitive (7 competitors),Market decline: losing 59% revenue | Limited market size: constrained opportunity and thin liquidity,MONITOR
8.0,97.70408163265306,80.5,High Potential,SANOFI_VALPROIC ACID_VIETNAM,VALPROIC ACID,SANOFI,VIETNAM,HOSPITAL,-100.0,-100.0,0.0,7,0.0,4.359,False,False,False,False,59.0,11.7,High,High,GROWTH,⚠️ Declining demand (-100%) | 🎯 Niche market ($0.0M) | 🏢 Share: 0.0% | ⚔️ Competitive (7 competitors) | ⚡ High volatility,High volatility: unstable MAT trajectory across periods | Generic erosion pressure: price decline with volume expansion | Market decline: losing 100% revenue | Limited market size: constrained opportunity and thin liquidity,MONITOR
9.0,97.70408163265306,80.5,High Potential,TORRENT_CARBAMAZEPINE_VIETNAM,CARBAMAZEPINE,TORRENT,VIETNAM,HOSPITAL,-100.0,-100.0,0.0,7,0.0,0.707,False,False,False,False,81.8,27.4,High,High,GROWTH,⚠️ Declining demand (-100%) | 🎯 Niche market ($0.0M) | 🏢 Share: 0.0% | ⚔️ Competitive (7 competitors) | ⚡ High volatility,High volatility: unstable MAT trajectory across periods | Generic erosion pressure: price decline with volume expansion | Market decline: losing 100% revenue | Limited market size: constrained opportunity and thin liquidity,MONITOR
10.0,97.70408163265306,80.5,High Potential,GSK_LAMOTRIGINE_VIETNAM,LAMOTRIGINE,GSK,VIETNAM,RETAIL,,,0.0,19,0.1,18137288937434.945,False,False,False,False,70.9,21.4,Medium,High,GROWTH,📊 Stable growth (0%) | 🎯 Niche market ($0.0M) | 🏢 Share: 0.1% | 🔀 Fragmented (19 competitors) | ⚡ High volatility,High volatility: unstable MAT trajectory across periods | Generic erosion pressure: price decline with volume expansion | Limited market size: constrained opportunity and thin liquidity,MONITOR
11.0,94.89795918367348,80.4829242176751,High Potential,DANAPHA (TW5)_PHENYTOIN_VIETNAM,PHENYTOIN,DANAPHA (TW5),VIETNAM,HOSPITAL,-90.7,-90.7,0.0,6,3.5,0.335,False,False,False,False,76.9,27.0,Medium,High,GROWTH,⚠️ Declining demand (-91%) | 🎯 Niche market ($0.0M) | 🏢 Share: 3.5% | ⚔️ Competitive (6 competitors) | 💵 Pricing power (+14.2%),Generic erosion pressure: price decline with volume expansion | Market decline: losing 91% revenue | Limited market size: constrained opportunity and thin liquidity,MONITOR
12.0,94.38775510204081,80.01657295486682,High Potential,DANAPHA (TW5)_PHENOBARBITAL_VIETNAM,PHENOBARBITAL,DANAPHA (TW5),VIETNAM,RETAIL,,,0.2,19,5.9,182072925087718.75,False,False,False,False,80.2,33.6,Medium,High,GROWTH,📊 Stable growth (0%) | 🎯 Niche market ($0.2M) | 🏢 Share: 5.9% | 🔀 Fragmented (19 competitors) | ⚡ High volatility,High volatility: unstable MAT trajectory across periods | Generic erosion pressure: price decline with volume expansion | Limited market size: constrained opportunity and thin liquidity,MONITOR
13.0,93.87755102040816,79.05582174210717,High Potential,PHARMATHEN_PRAMIPEXOLE_VIETNAM,PRAMIPEXOLE,PHARMATHEN,VIETNAM,HOSPITAL,143.2,143.2,0.1,5,6.1,0.227,False,False,False,False,62.3,24.8,High,High,GROWTH,🔥 Strong growth (143%) | 🎯 Niche market ($0.1M) | 🏢 Share: 6.1% | ⚔️ Competitive (5 competitors) | 💵 Pricing power (+16.3%),Generic erosion pressure: price decline with volume expansion | Limited market size: constrained opportunity and thin liquidity,DIFFERENTIATION
14.0,93.36734693877551,78.61375453844937,High Potential,SAVIPHARM_LEVETIRACETAM_VIETNAM,LEVETIRACETAM,SAVIPHARM,VIETNAM,HOSPITAL,-90.1,-90.1,0.0,4,13.9,0.349,False,False,False,False,52.2,12.1,High,High,GROWTH,⚠️ Declining demand (-90%) | 🎯 Niche market ($0.0M) | 🏢 Share: 13.9% | ⚔️ Competitive (4 competitors) | 💵 Pricing power (+57.6%),Generic erosion pressure: price decline with volume expansion | Market decline: losing 90% revenue | Limited market size: constrained opportunity and thin liquidity,TENDER_STRATEGY
15.0,92.85714285714286,78.55553968827004,High Potential,T&T EQUIPMENT_LEVETIRACETAM_VIETNAM,LEVETIRACETAM,T&T EQUIPMENT,VIETNAM,HOSPITAL,-100.0,-100.0,0.0,4,0.0,0.707,False,False,False,False,44.1,7.1,High,High,GROWTH,⚠️ Declining demand (-100%) | 🎯 Niche market ($0.0M) | 🏢 Share: 0.0% | ⚔️ Competitive (4 competitors) | ⚡ High volatility,High volatility: unstable MAT trajectory across periods | Generic erosion pressure: price decline with volume expansion | Market decline: losing 100% revenue | Limited market size: constrained opportunity and thin liquidity,TENDER_STRATEGY
16.0,92.3469387755102,78.37898260873371,High Potential,PHARMATHEN_LEVETIRACETAM_VIETNAM,LEVETIRACETAM,PHARMATHEN,VIETNAM,HOSPITAL,,,0.0,4,10.6,13293607486305.703,False,False,False,False,47.7,6.8,High,High,GROWTH,📊 Stable growth (0%) | 🎯 Niche market ($0.0M) | 🏢 Share: 10.6% | ⚔️ Competitive (4 competitors) | ⚡ High volatility,High volatility: unstable MAT trajectory across periods | Generic erosion pressure: price decline with volume expansion | Limited market size: constrained opportunity and thin liquidity,TENDER_STRATEGY
17.0,91.83673469387756,78.15107933699775,High Potential,USARICHPHARM_LEVETIRACETAM_VIETNAM,LEVETIRACETAM,USARICHPHARM,VIETNAM,HOSPITAL,96.5,96.5,0.0,4,8.7,0.313,False,False,False,False,52.4,13.9,High,High,GROWTH,🔥 Strong growth (96%) | 🎯 Niche market ($0.0M) | 🏢 Share: 8.7% | ⚔️ Competitive (4 competitors),Generic erosion pressure: price decline with volume expansion | Limited market size: constrained opportunity and thin liquidity,TENDER_STRATEGY
18.0,91.3265306122449,77.82883563503046,High Potential,HASAN-DERMAPHARM_LEVETIRACETAM_VIETNAM,LEVETIRACETAM,HASAN-DERMAPHARM,VIETNAM,RETAIL,50.1,50.1,0.1,2,81.4,0.33,False,False,False,False,47.7,8.4,High,High,GROWTH,🔥 Strong growth (50%) | 🎯 Niche market ($0.1M) | 🏢 Share: 81.4% | 🛡️ Concentrated (2 competitors),Monopoly concentration (81.4% share) increases regulatory and pricing exposure | Limited market size: constrained opportunity and thin liquidity,MONOPOLY_DEFENSE
19.0,90.81632653061224,77.76930411787306,High Potential,DANAPHA (TW5)_LEVETIRACETAM_VIETNAM,LEVETIRACETAM,DANAPHA (TW5),VIETNAM,RETAIL,110.7,110.7,0.0,4,27.3,0.713,False,False,False,False,48.6,9.2,High,High,GROWTH,🔥 Strong growth (111%) | 🎯 Niche market ($0.0M) | 🏢 Share: 27.3% | ⚔️ Competitive (4 competitors) | 💵 Pricing power (+100.0%) | ⚡ High volatility,High volatility: unstable MAT trajectory across periods | Generic erosion pressure: price decline with volume expansion | Limited market size: constrained opportunity and thin liquidity,TENDER_STRATEGY
20.0,90.3061224489796,77.76902899807254,High Potential,EISAI_PERAMPANEL_VIETNAM,PERAMPANEL,EISAI,VIETNAM,RETAIL,56.1,56.1,0.1,14,1.0,0.835,False,False,False,False,65.6,26.8,High,High,GROWTH,🔥 Strong growth (56%) | 🎯 Niche market ($0.1M) | 🏢 Share: 1.0% | ⚔️ Competitive (14 competitors) | ⚡ High volatility,High volatility: unstable MAT trajectory across periods | Limited market size: constrained opportunity and thin liquidity,NICHE_PARTNERSHIP
21.0,89.79591836734694,77.54328747525093,High Potential,GSK_LAMOTRIGINE_VIETNAM,LAMOTRIGINE,GSK,VIETNAM,HOSPITAL,,,0.0,14,0.1,29896474708567.23,False,False,False,False,60.6,22.4,High,High,GROWTH,📊 Stable growth (0%) | 🎯 Niche market ($0.0M) | 🏢 Share: 0.1% | ⚔️ Competitive (14 competitors) | ⚡ High volatility,High volatility: unstable MAT trajectory across periods | Generic erosion pressure: price decline with volume expansion | Limited market size: constrained opportunity and thin liquidity,MONITOR
22.0,89.28571428571429,77.54027577610836,High Potential,GSK_LEVETIRACETAM_VIETNAM,LEVETIRACETAM,GSK,VIETNAM,RETAIL,59.3,59.3,1.5,14,21.0,0.164,False,False,False,False,47.8,9.4,High,High,GROWTH,🔥 Strong growth (59%) | 🎯 Niche market ($1.5M) | 🏢 Share: 21.0% | ⚔️ Competitive (14 competitors),None identified,NICHE_PARTNERSHIP
23.0,88.77551020408163,77.35184842808764,High Potential,SANOFI_VALPROIC ACID_VIETNAM,VALPROIC ACID,SANOFI,VIETNAM,RETAIL,-34.3,-34.3,0.0,14,0.0,60.643,False,False,False,False,47.6,11.0,High,High,GROWTH,⚠️ Declining demand (-34%) | 🎯 Niche market ($0.0M) | 🏢 Share: 0.0% | ⚔️ Competitive (14 competitors) | 💵 Pricing power (+47.9%) | ⚡ High volatility,High volatility: unstable MAT trajectory across periods | Generic erosion pressure: price decline with volume expansion | Market decline: losing 34% revenue | Limited market size: constrained opportunity and thin liquidity,MONITOR
24.0,88.26530612244898,77.28731083081519,High Potential,DAVI PHARM_LEVETIRACETAM_VIETNAM,LEVETIRACETAM,DAVI PHARM,VIETNAM,HOSPITAL,,,0.0,5,0.0,5091168824543.85,False,False,False,False,50.6,14.2,High,High,GROWTH,📊 Stable growth (0%) | 🎯 Niche market ($0.0M) | 🏢 Share: 0.0% | ⚔️ Competitive (5 competitors) | ⚡ High volatility,High volatility: unstable MAT trajectory across periods | Generic erosion pressure: price decline with volume expansion | Limited market size: constrained opportunity and thin liquidity,MONITOR
25.0,87.75510204081633,77.19790924826009,High Potential,STELLAPHARM_LEVETIRACETAM_VIETNAM,LEVETIRACETAM,STELLAPHARM,VIETNAM,RETAIL,,,0.0,19,0.0,9821713190681.145,False,False,False,False,43.3,6.0,High,High,GROWTH,📊 Stable growth (0%) | 🎯 Niche market ($0.0M) | 🏢 Share: 0.0% | 🔀 Fragmented (19 competitors) | ⚡ High volatility,High volatility: unstable MAT trajectory across periods | Generic erosion pressure: price decline with volume expansion | Limited market size: constrained opportunity and thin liquidity,MONITOR
26.0,87.24489795918367,76.91430082690715,High Potential,NORMON_PRAMIPEXOLE_VIETNAM,PRAMIPEXOLE,NORMON,VIETNAM,HOSPITAL,500.0,500.0,0.1,19,2.8,0.923,False,False,False,False,58.8,27.8,High,High,GROWTH,🔥 Strong growth (500%) | 🎯 Niche market ($0.1M) | 🏢 Share: 2.8% | 🔀 Fragmented (19 competitors) | 💵 Pricing power (+36.0%) | ⚡ High volatility,High volatility: unstable MAT trajectory across periods | Generic erosion pressure: price decline with volume expansion | Limited market size: constrained opportunity and thin liquidity,DIFFERENTIATION
27.0,86.73469387755102,76.90623344498849,High Potential,AGUETTANT_VALPROIC ACID_VIETNAM,VALPROIC ACID,AGUETTANT,VIETNAM,HOSPITAL,500.0,500.0,0.0,5,1.6,15.597,False,False,False,False,39.5,8.9,High,High,GROWTH,🔥 Strong growth (500%) | 🎯 Niche market ($0.0M) | 🏢 Share: 1.6% | ⚔️ Competitive (5 competitors) | ⚡ High volatility,High volatility: unstable MAT trajectory across periods | Generic erosion pressure: price decline with volume expansion | Limited market size: constrained opportunity and thin liquidity,NICHE_PARTNERSHIP
28.0,86.22448979591837,76.87436259256341,High Potential,WINDLAS BIOTECH_LEVETIRACETAM_VIETNAM,LEVETIRACETAM,WINDLAS BIOTECH,VIETNAM,HOSPITAL,17.8,17.8,0.2,8,12.6,0.028,False,False,False,False,48.0,11.6,High,High,GROWTH,📊 Stable growth (18%) | 🎯 Niche market ($0.2M) | 🏢 Share: 12.6% | ⚔️ Competitive (8 competitors),Limited market size: constrained opportunity and thin liquidity,NICHE_PARTNERSHIP
29.0,85.71428571428571,76.67637280315083,High Potential,AKUMS DRUGS&PHARMA_VALPROIC ACID_VIETNAM,VALPROIC ACID,AKUMS DRUGS&PHARMA,VIETNAM,HOSPITAL,-56.2,-56.2,0.1,8,5.2,0.424,False,False,False,False,49.8,15.4,High,High,GROWTH,⚠️ Declining demand (-56%) | 🎯 Niche market ($0.1M) | 🏢 Share: 5.2% | ⚔️ Competitive (8 competitors),Market decline: losing 56% revenue | Limited market size: constrained opportunity and thin liquidity,MONITOR
30.0,85.20408163265306,76.2745701157873,High Potential,DANAPHA (TW5)_VALPROIC ACID_VIETNAM,VALPROIC ACID,DANAPHA (TW5),VIETNAM,HOSPITAL,,,0.0,14,0.4,187991408846255.53,False,False,False,False,45.1,11.5,High,High,GROWTH,📊 Stable growth (0%) | 🎯 Niche market ($0.0M) | 🏢 Share: 0.4% | ⚔️ Competitive (14 competitors) | ⚡ High volatility,High volatility: unstable MAT trajectory across periods | Generic erosion pressure: price decline with volume expansion | Limited market size: constrained opportunity and thin liquidity,MONITOR
31.0,84.6938775510204,76.16026523002606,High Potential,PHARMATHEN_LEVETIRACETAM_VIETNAM,LEVETIRACETAM,PHARMATHEN,VIETNAM,RETAIL,,,0.0,8,0.2,9199459223236.25,False,False,False,False,47.4,13.4,High,High,GROWTH,📊 Stable growth (0%) | 🎯 Niche market ($0.0M) | 🏢 Share: 0.2% | ⚔️ Competitive (8 competitors) | ⚡ High volatility,High volatility: unstable MAT trajectory across periods | Generic erosion pressure: price decline with volume expansion | Limited market size: constrained opportunity and thin liquidity,MONITOR
32.0,84.18367346938776,76.13254900227687,High Potential,SUN PHARMA_VALPROIC ACID_VIETNAM,VALPROIC ACID,SUN PHARMA,VIETNAM,HOSPITAL,,,0.1,7,4.1,711165574110558.4,False,False,False,False,47.8,14.3,High,High,GROWTH,📊 Stable growth (0%) | 🎯 Niche market ($0.1M) | 🏢 Share: 4.1% | ⚔️ Competitive (7 competitors) | ⚡ High volatility,High volatility: unstable MAT trajectory across periods | Generic erosion pressure: price decline with volume expansion | Limited market size: constrained opportunity and thin liquidity,MONITOR
33.0,83.6734693877551,76.00484551002467,High Potential,DANAPHA (TW5)_VALPROIC ACID_VIETNAM,VALPROIC ACID,DANAPHA (TW5),VIETNAM,RETAIL,-44.8,-44.8,0.1,1,29.4,1.314,False,False,False,False,48.3,15.5,High,High,GROWTH,⚠️ Declining demand (-45%) | 🎯 Niche market ($0.1M) | 🏢 Share: 29.4% | 🛡️ Concentrated (1 competitors) | 📉 Price pressure (-18.5%) | ⚡ High volatility,High volatility: unstable MAT trajectory across periods | Market decline: losing 45% revenue | Limited market size: constrained opportunity and thin liquidity,TENDER_STRATEGY
34.0,83.16326530612244,75.33393818628625,High Potential,EVERTOGEN_CARBIDOPA!LEVODOPA_VIETNAM,CARBIDOPA!LEVODOPA,EVERTOGEN,VIETNAM,HOSPITAL,-69.0,-69.0,0.0,1,1.3,0.978,False,False,False,False,52.3,22.5,High,High,GROWTH,⚠️ Declining demand (-69%) | 🎯 Niche market ($0.0M) | 🏢 Share: 1.3% | 🛡️ Concentrated (1 competitors) | 📉 Price pressure (-18.9%) | ⚡ High volatility,High volatility: unstable MAT trajectory across periods | Market decline: losing 69% revenue | Limited market size: constrained opportunity and thin liquidity,TENDER_STRATEGY
35.0,82.6530612244898,75.27034964264021,High Potential,HASAN-DERMAPHARM_CARBIDOPA!LEVODOPA_VIETNAM,CARBIDOPA!LEVODOPA,HASAN-DERMAPHARM,VIETNAM,RETAIL,79.0,79.0,0.0,1,8.2,4.088,False,False,False,False,56.7,28.2,High,High,GROWTH,🔥 Strong growth (79%) | 🎯 Niche market ($0.0M) | 🏢 Share: 8.2% | 🛡️ Concentrated (1 competitors) | ⚡ High volatility,High volatility: unstable MAT trajectory across periods | Generic erosion pressure: price decline with volume expansion | Limited market size: constrained opportunity and thin liquidity,TENDER_STRATEGY
36.0,82.14285714285714,75.2019794390099,High Potential,VIDIPHA (VDP)_PHENOBARBITAL_VIETNAM,PHENOBARBITAL,VIDIPHA (VDP),VIETNAM,HOSPITAL,396.7,396.7,0.1,7,4.5,2.509,False,False,False,False,60.1,27.5,High,High,GROWTH,🔥 Strong growth (397%) | 🎯 Niche market ($0.1M) | 🏢 Share: 4.5% | ⚔️ Competitive (7 competitors) | ⚡ High volatility,High volatility: unstable MAT trajectory across periods | Generic erosion pressure: price decline with volume expansion | Limited market size: constrained opportunity and thin liquidity,NICHE_PARTNERSHIP
37.0,81.63265306122449,75.12504148230659,High Potential,SUN PHARMA_VALPROIC ACID_VIETNAM,VALPROIC ACID,SUN PHARMA,VIETNAM,HOSPITAL,,,0.1,7,4.2,718957890839234.1,False,False,False,False,47.2,16.6,High,High,GROWTH,📊 Stable growth (0%) | 🎯 Niche market ($0.1M) | 🏢 Share: 4.2% | ⚔️ Competitive (7 competitors) | ⚡ High volatility,High volatility: unstable MAT trajectory across periods | Generic erosion pressure: price decline with volume expansion | Limited market size: constrained opportunity and thin liquidity,MONITOR
38.0,81.12244897959184,75.0382554726954,High Potential,EISAI_PERAMPANEL_VIETNAM,PERAMPANEL,EISAI,VIETNAM,RETAIL,,,0.2,7,9.2,1588161830544985.8,False,False,False,False,59.1,28.8,High,High,GROWTH,📊 Stable growth (0%) | 🎯 Niche market ($0.2M) | 🏢 Share: 9.2% | ⚔️ Competitive (7 competitors) | ⚡ High volatility,High volatility: unstable MAT trajectory across periods | Generic erosion pressure: price decline with volume expansion | Limited market size: constrained opportunity and thin liquidity,MONITOR
39.0,80.61224489795919,74.89640692993154,High Potential,DANAPHA (TW5)_OXCARBAZEPINE_VIETNAM,OXCARBAZEPINE,DANAPHA (TW5),VIETNAM,HOSPITAL,104.5,104.5,0.0,5,19.8,0.075,False,False,False,False,52.4,23.4,High,High,GROWTH,🔥 Strong growth (104%) | 🎯 Niche market ($0.0M) | 🏢 Share: 19.8% | ⚔️ Competitive (5 competitors),Generic erosion pressure: price decline with volume expansion | Limited market size: constrained opportunity and thin liquidity,NICHE_PARTNERSHIP
40.0,80.10204081632652,74.7364350589168,High Potential,HASAN-DERMAPHARM_VALPROIC ACID_VIETNAM,VALPROIC ACID,HASAN-DERMAPHARM,VIETNAM,HOSPITAL,130.5,130.5,0.0,5,2.2,7.21,False,False,False,False,36.6,10.9,High,High,GROWTH,🔥 Strong growth (130%) | 🎯 Niche market ($0.0M) | 🏢 Share: 2.2% | ⚔️ Competitive (5 competitors) | ⚡ High volatility,High volatility: unstable MAT trajectory across periods | Generic erosion pressure: price decline with volume expansion | Limited market size: constrained opportunity and thin liquidity,NICHE_PARTNERSHIP
41.0,79.59183673469387,74.68579629135708,High Potential,DANAPHA (TW5)_PHENOBARBITAL_VIETNAM,PHENOBARBITAL,DANAPHA (TW5),VIETNAM,HOSPITAL,-47.8,-47.8,0.1,19,1.5,2.194,False,False,False,False,52.4,23.2,High,High,GROWTH,⚠️ Declining demand (-48%) | 🎯 Niche market ($0.1M) | 🏢 Share: 1.5% | 🔀 Fragmented (19 competitors) | ⚡ High volatility,High volatility: unstable MAT trajectory across periods | Market decline: losing 48% revenue | Limited market size: constrained opportunity and thin liquidity,MONITOR
42.0,79.08163265306123,74.65988125054884,High Potential,HASAN-DERMAPHARM_LEVETIRACETAM_VIETNAM,LEVETIRACETAM,HASAN-DERMAPHARM,VIETNAM,HOSPITAL,81.7,81.7,1.7,19,45.5,0.0,False,False,False,False,48.4,17.4,High,High,GROWTH,🔥 Strong growth (82%) | 🎯 Niche market ($1.7M) | 🏢 Share: 45.5% | 🔀 Fragmented (19 competitors),Generic erosion pressure: price decline with volume expansion,NICHE_PARTNERSHIP
43.0,78.57142857142857,74.64401747304312,High Potential,HASAN-DERMAPHARM_CARBIDOPA!LEVODOPA_VIETNAM,CARBIDOPA!LEVODOPA,HASAN-DERMAPHARM,VIETNAM,HOSPITAL,277.8,277.8,0.1,7,2.7,0.603,False,False,False,False,50.2,22.1,High,High,GROWTH,🔥 Strong growth (278%) | 🎯 Niche market ($0.1M) | 🏢 Share: 2.7% | ⚔️ Competitive (7 competitors) | ⚡ High volatility,High volatility: unstable MAT trajectory across periods | Generic erosion pressure: price decline with volume expansion | Limited market size: constrained opportunity and thin liquidity,NICHE_PARTNERSHIP
44.0,78.06122448979592,74.5530022851213,High Potential,DANAPHA (TW5)_CARBAMAZEPINE_VIETNAM,CARBAMAZEPINE,DANAPHA (TW5),VIETNAM,RETAIL,51.7,51.7,0.7,7,30.6,0.255,False,False,False,False,50.4,22.0,High,High,GROWTH,🔥 Strong growth (52%) | 🎯 Niche market ($0.7M) | 🏢 Share: 30.6% | ⚔️ Competitive (7 competitors),Limited market size: constrained opportunity and thin liquidity,NICHE_PARTNERSHIP
45.0,77.55102040816327,74.11258770337363,High Potential,NORMON_PRAMIPEXOLE_VIETNAM,PRAMIPEXOLE,NORMON,VIETNAM,HOSPITAL,500.0,500.0,0.0,19,1.1,2.299,False,False,False,False,49.4,23.3,High,High,GROWTH,🔥 Strong growth (500%) | 🎯 Niche market ($0.0M) | 🏢 Share: 1.1% | 🔀 Fragmented (19 competitors) | 📉 Price pressure (-24.6%) | ⚡ High volatility,High volatility: unstable MAT trajectory across periods | Generic erosion pressure: price decline with volume expansion | Limited market size: constrained opportunity and thin liquidity,NICHE_PARTNERSHIP
46.0,77.04081632653062,74.10893316343302,High Potential,STELLAPHARM_PRAMIPEXOLE_VIETNAM,PRAMIPEXOLE,STELLAPHARM,VIETNAM,RETAIL,32.7,32.7,0.3,14,3.7,0.774,False,False,False,False,48.6,21.9,High,High,GROWTH,📊 Stable growth (33%) | 🎯 Niche market ($0.3M) | 🏢 Share: 3.7% | ⚔️ Competitive (14 competitors) | ⚡ High volatility,High volatility: unstable MAT trajectory across periods | Limited market size: constrained opportunity and thin liquidity,NICHE_PARTNERSHIP
47.0,76.53061224489795,73.23208839116538,High Potential,NOVARTIS PHARMA_OXCARBAZEPINE_VIETNAM,OXCARBAZEPINE,NOVARTIS PHARMA,VIETNAM,RETAIL,,,0.0,14,0.0,19254517651709.688,False,False,False,False,48.2,24.0,High,High,GROWTH,📊 Stable growth (0%) | 🎯 Niche market ($0.0M) | 🏢 Share: 0.0% | ⚔️ Competitive (14 competitors) | ⚡ High volatility,High volatility: unstable MAT trajectory across periods | Generic erosion pressure: price decline with volume expansion | Limited market size: constrained opportunity and thin liquidity,MONITOR
48.0,76.0204081632653,73.10508075643585,High Potential,AGIMEXPHARM_LEVETIRACETAM_VIETNAM,LEVETIRACETAM,AGIMEXPHARM,VIETNAM,HOSPITAL,,,0.1,14,1.2,580874078609125.1,False,False,False,False,48.0,20.0,High,High,GROWTH,📊 Stable growth (0%) | 🎯 Niche market ($0.1M) | 🏢 Share: 1.2% | ⚔️ Competitive (14 competitors) | ⚡ High volatility,High volatility: unstable MAT trajectory across periods | Generic erosion pressure: price decline with volume expansion | Limited market size: constrained opportunity and thin liquidity,MONITOR
49.0,75.51020408163265,73.0880462547438,High Potential,PHARMASCIENCE_TOPIRAMATE_VIETNAM,TOPIRAMATE,PHARMASCIENCE,VIETNAM,RETAIL,-100.0,-100.0,0.0,4,0.0,0.863,False,False,False,False,47.2,23.4,High,High,GROWTH,⚠️ Declining demand (-100%) | 🎯 Niche market ($0.0M) | 🏢 Share: 0.0% | ⚔️ Competitive (4 competitors) | 📉 Price pressure (-100.0%) | ⚡ High volatility,High volatility: unstable MAT trajectory across periods | Market decline: losing 100% revenue | Limited market size: constrained opportunity and thin liquidity,TENDER_STRATEGY
50.0,75.0,72.62334812568784,High Potential,DAVI PHARM_TOPIRAMATE_VIETNAM,TOPIRAMATE,DAVI PHARM,VIETNAM,HOSPITAL,39.6,39.6,0.5,8,34.1,0.621,False,False,False,False,34.9,15.3,High,High,GROWTH,📊 Stable growth (40%) | 🎯 Niche market ($0.5M) | 🏢 Share: 34.1% | ⚔️ Competitive (8 competitors) | ⚡ High volatility,High volatility: unstable MAT trajectory across periods | Limited market size: constrained opportunity and thin liquidity,NICHE_PARTNERSHIP
51.0,74.48979591836735,72.6118732061714,High Potential,AKUMS DRUGS&PHARMA_VALPROIC ACID_VIETNAM,VALPROIC ACID,AKUMS DRUGS&PHARMA,VIETNAM,RETAIL,154.1,154.1,0.3,8,21.5,1.07,False,False,False,False,47.2,22.3,High,High,GROWTH,🔥 Strong growth (154%) | 🎯 Niche market ($0.3M) | 🏢 Share: 21.5% | ⚔️ Competitive (8 competitors) | ⚡ High volatility,High volatility: unstable MAT trajectory across periods | Generic erosion pressure: price decline with volume expansion | Limited market size: constrained opportunity and thin liquidity,NICHE_PARTNERSHIP
52.0,73.9795918367347,72.2556350747453,High Potential,GSK_LAMOTRIGINE_VIETNAM,LAMOTRIGINE,GSK,VIETNAM,HOSPITAL,-11.6,-11.6,0.0,5,0.4,0.625,False,False,False,False,48.7,27.6,High,High,GROWTH,⚠️ Declining demand (-12%) | 🎯 Niche market ($0.0M) | 🏢 Share: 0.4% | ⚔️ Competitive (5 competitors) | ⚡ High volatility,High volatility: unstable MAT trajectory across periods | Limited market size: constrained opportunity and thin liquidity,MONITOR
53.0,73.46938775510205,71.63571907509541,High Potential,EISAI_PERAMPANEL_VIETNAM,PERAMPANEL,EISAI,VIETNAM,HOSPITAL,-93.2,-93.2,0.0,4,0.1,1.6,False,False,False,False,51.4,32.5,High,High,GROWTH,⚠️ Declining demand (-93%) | 🎯 Niche market ($0.0M) | 🏢 Share: 0.1% | ⚔️ Competitive (4 competitors) | 💵 Pricing power (+24.5%) | ⚡ High volatility,High volatility: unstable MAT trajectory across periods | Generic erosion pressure: price decline with volume expansion | Market decline: losing 93% revenue | Limited market size: constrained opportunity and thin liquidity,TENDER_STRATEGY
54.0,72.95918367346938,71.43724983224712,High Potential,DAVI PHARM_OXCARBAZEPINE_VIETNAM,OXCARBAZEPINE,DAVI PHARM,VIETNAM,RETAIL,44.4,44.4,0.0,4,35.7,0.792,False,False,False,False,47.0,28.7,High,High,GROWTH,📊 Stable growth (44%) | 🎯 Niche market ($0.0M) | 🏢 Share: 35.7% | ⚔️ Competitive (4 competitors) | 💵 Pricing power (+30.5%) | ⚡ High volatility,High volatility: unstable MAT trajectory across periods | Limited market size: constrained opportunity and thin liquidity,TENDER_STRATEGY
55.0,72.44897959183673,71.1023071325342,High Potential,DAVI PHARM_OXCARBAZEPINE_VIETNAM,OXCARBAZEPINE,DAVI PHARM,VIETNAM,HOSPITAL,-100.0,-100.0,0.0,19,0.0,0.707,False,False,False,False,48.8,31.8,High,High,GROWTH,⚠️ Declining demand (-100%) | 🎯 Niche market ($0.0M) | 🏢 Share: 0.0% | 🔀 Fragmented (19 competitors) | ⚡ High volatility,High volatility: unstable MAT trajectory across periods | Generic erosion pressure: price decline with volume expansion | Market decline: losing 100% revenue | Limited market size: constrained opportunity and thin liquidity,MONITOR
56.0,71.93877551020408,71.08759427506976,High Potential,PHARMEDIC_TRIHEXYPHENIDYL_VIETNAM,TRIHEXYPHENIDYL,PHARMEDIC,VIETNAM,HOSPITAL,,,0.2,7,5.1,457356666071457.2,False,False,False,False,48.7,31.5,High,High,GROWTH,📊 Stable growth (0%) | 🎯 Niche market ($0.2M) | 🏢 Share: 5.1% | ⚔️ Competitive (7 competitors) | ⚡ High volatility,High volatility: unstable MAT trajectory across periods | Generic erosion pressure: price decline with volume expansion | Limited market size: constrained opportunity and thin liquidity,MONITOR
57.0,71.42857142857143,70.5556830881135,High Potential,PHARMEDIC_TRIHEXYPHENIDYL_VIETNAM,TRIHEXYPHENIDYL,PHARMEDIC,VIETNAM,RETAIL,,,0.2,7,3.4,266869170287612.78,False,False,False,False,37.8,22.5,High,High,GROWTH,📊 Stable growth (0%) | 🎯 Niche market ($0.2M) | 🏢 Share: 3.4% | ⚔️ Competitive (7 competitors) | ⚡ High volatility,High volatility: unstable MAT trajectory across periods | Generic erosion pressure: price decline with volume expansion | Limited market size: constrained opportunity and thin liquidity,MONITOR
58.0,70.91836734693877,70.3452521841978,High Potential,PYMEPHARCO_PHENYTOIN_VIETNAM,PHENYTOIN,PYMEPHARCO,VIETNAM,RETAIL,,,0.0,5,4.8,72450160800373.66,False,False,False,False,48.1,33.4,High,High,GROWTH,📊 Stable growth (0%) | 🎯 Niche market ($0.0M) | 🏢 Share: 4.8% | ⚔️ Competitive (5 competitors) | ⚡ High volatility,High volatility: unstable MAT trajectory across periods | Generic erosion pressure: price decline with volume expansion | Limited market size: constrained opportunity and thin liquidity,MONITOR
59.0,70.40816326530613,69.9099919243122,Moderate,SUN PHARMA_OXCARBAZEPINE_VIETNAM,OXCARBAZEPINE,SUN PHARMA,VIETNAM,HOSPITAL,98.8,98.8,0.0,5,0.3,4553767670842.073,False,False,False,False,48.9,35.4,High,High,GROWTH,🔥 Strong growth (99%) | 🎯 Niche market ($0.0M) | 🏢 Share: 0.3% | ⚔️ Competitive (5 competitors) | 📉 Price pressure (-28.4%) | ⚡ High volatility,High volatility: unstable MAT trajectory across periods | Generic erosion pressure: price decline with volume expansion | Limited market size: constrained opportunity and thin liquidity,NICHE_PARTNERSHIP
60.0,69.89795918367348,69.56226675761766,Moderate,STELLAPHARM_LAMOTRIGINE_VIETNAM,LAMOTRIGINE,STELLAPHARM,VIETNAM,HOSPITAL,19.2,19.2,0.0,19,1.3,0.043,False,False,False,False,47.0,33.9,High,High,GROWTH,📊 Stable growth (19%) | 🎯 Niche market ($0.0M) | 🏢 Share: 1.3% | 🔀 Fragmented (19 competitors),Limited market size: constrained opportunity and thin liquidity,NICHE_PARTNERSHIP
61.0,69.38775510204081,68.77025842986004,Moderate,STELLAPHARM_PRAMIPEXOLE_VIETNAM,PRAMIPEXOLE,STELLAPHARM,VIETNAM,HOSPITAL,17.7,17.7,0.0,7,0.2,1.029,False,False,False,False,28.9,19.5,High,High,GROWTH,📊 Stable growth (18%) | 🎯 Niche market ($0.0M) | 🏢 Share: 0.2% | ⚔️ Competitive (7 competitors) | ⚡ High volatility,High volatility: unstable MAT trajectory across periods | Limited market size: constrained opportunity and thin liquidity,NICHE_PARTNERSHIP
62.0,68.87755102040816,68.2057188144684,Moderate,ROCHE VNX_CLONAZEPAM_VIETNAM,CLONAZEPAM,ROCHE VNX,VIETNAM,RETAIL,,,0.0,14,0.5,235211999693893.16,False,False,False,False,80.1,41.5,High,High,GROWTH,📊 Stable growth (0%) | 🎯 Niche market ($0.0M) | 🏢 Share: 0.5% | ⚔️ Competitive (14 competitors) | ⚡ High volatility,High volatility: unstable MAT trajectory across periods | Generic erosion pressure: price decline with volume expansion | Limited market size: constrained opportunity and thin liquidity,MONITOR
63.0,68.36734693877551,67.96148465249057,Moderate,MEDA AB VNX_BROMOCRIPTINE_VIETNAM,BROMOCRIPTINE,MEDA AB VNX,VIETNAM,RETAIL,-100.0,-100.0,0.0,14,0.0,0.177,False,False,False,False,80.0,43.2,High,High,GROWTH,⚠️ Declining demand (-100%) | 🎯 Niche market ($0.0M) | 🏢 Share: 0.0% | ⚔️ Competitive (14 competitors),Generic erosion pressure: price decline with volume expansion | Market decline: losing 100% revenue | Limited market size: constrained opportunity and thin liquidity,MONITOR
64.0,67.85714285714286,67.77243986631751,Moderate,DAVI PHARM_VALPROIC ACID_VIETNAM,VALPROIC ACID,DAVI PHARM,VIETNAM,RETAIL,-97.1,-97.1,0.0,14,0.3,0.499,False,False,False,False,29.4,22.9,High,High,GROWTH,⚠️ Declining demand (-97%) | 🎯 Niche market ($0.0M) | 🏢 Share: 0.3% | ⚔️ Competitive (14 competitors) | 💵 Pricing power (+33.2%),Generic erosion pressure: price decline with volume expansion | Market decline: losing 97% revenue | Limited market size: constrained opportunity and thin liquidity,MONITOR
65.0,67.3469387755102,64.97478838966347,Moderate,SANOFI_VALPROIC ACID_VIETNAM,VALPROIC ACID,SANOFI,VIETNAM,RETAIL,500.0,500.0,0.4,7,9.1,4.683,False,False,False,False,30.6,8.9,High,Medium,GROWTH,🔥 Strong growth (500%) | 🎯 Niche market ($0.4M) | 🏢 Share: 9.1% | ⚔️ Competitive (7 competitors) | ⚡ High volatility,High volatility: unstable MAT trajectory across periods | Generic erosion pressure: price decline with volume expansion | Limited market size: constrained opportunity and thin liquidity,NICHE_PARTNERSHIP
66.0,66.83673469387756,62.777405671029705,Moderate,GSK_LEVETIRACETAM_VIETNAM,LEVETIRACETAM,GSK,VIETNAM,RETAIL,312.3,312.3,0.1,7,1.8,4.023,False,False,False,False,21.7,4.0,High,Medium,GROWTH,🔥 Strong growth (312%) | 🎯 Niche market ($0.1M) | 🏢 Share: 1.8% | ⚔️ Competitive (7 competitors) | ⚡ High volatility,High volatility: unstable MAT trajectory across periods | Generic erosion pressure: price decline with volume expansion | Limited market size: constrained opportunity and thin liquidity,NICHE_PARTNERSHIP
67.0,66.3265306122449,62.14598619210342,Moderate,STELLAPHARM_LEVETIRACETAM_VIETNAM,LEVETIRACETAM,STELLAPHARM,VIETNAM,HOSPITAL,18.4,18.4,0.0,6,7.0,0.509,False,False,False,False,26.5,4.8,High,Medium,GROWTH,📊 Stable growth (18%) | 🎯 Niche market ($0.0M) | 🏢 Share: 7.0% | ⚔️ Competitive (6 competitors) | ⚡ High volatility,High volatility: unstable MAT trajectory across periods | Limited market size: constrained opportunity and thin liquidity,NICHE_PARTNERSHIP
68.0,65.81632653061224,61.70125819900276,Moderate,KHAPHARCO_TRIHEXYPHENIDYL_VIETNAM,TRIHEXYPHENIDYL,KHAPHARCO,VIETNAM,HOSPITAL,11.1,11.1,0.1,6,24.0,0.004,False,False,False,False,43.8,23.2,High,Medium,GROWTH,📊 Stable growth (11%) | 🎯 Niche market ($0.1M) | 🏢 Share: 24.0% | ⚔️ Competitive (6 competitors),Limited market size: constrained opportunity and thin liquidity,NICHE_PARTNERSHIP
69.0,65.3061224489796,60.38310047194619,Moderate,GSK VNX_LEVETIRACETAM_VIETNAM,LEVETIRACETAM,GSK VNX,VIETNAM,RETAIL,,,0.0,1,100.0,216735299501488.7,False,False,False,False,20.9,4.4,High,Medium,GROWTH,📊 Stable growth (0%) | 🎯 Niche market ($0.0M) | 🏢 Share: 100.0% | 🛡️ Concentrated (1 competitors) | ⚡ High volatility,Monopoly concentration (100.0% share) increases regulatory and pricing exposure | High volatility: unstable MAT trajectory across periods | Generic erosion pressure: price decline with volume expansion | Limited market size: constrained opportunity and thin liquidity,MONOPOLY_DEFENSE
70.0,64.79591836734694,60.12895235612818,Moderate,NOVARTIS PHARMA_CARBAMAZEPINE_VIETNAM,CARBAMAZEPINE,NOVARTIS PHARMA,VIETNAM,HOSPITAL,136.7,136.7,0.7,5,61.0,0.109,False,False,False,False,31.2,17.6,High,Medium,GROWTH,🔥 Strong growth (137%) | 🎯 Niche market ($0.7M) | 🏢 Share: 61.0% | ⚔️ Competitive (5 competitors),Generic erosion pressure: price decline with volume expansion | Limited market size: constrained opportunity and thin liquidity,NICHE_PARTNERSHIP
71.0,64.28571428571429,60.0430497579957,Moderate,BOEH. INGEL_PRAMIPEXOLE_VIETNAM,PRAMIPEXOLE,BOEH. INGEL,VIETNAM,RETAIL,-38.7,-38.7,0.1,5,7.9,0.154,False,False,False,False,28.2,16.9,High,Medium,GROWTH,⚠️ Declining demand (-39%) | 🎯 Niche market ($0.1M) | 🏢 Share: 7.9% | ⚔️ Competitive (5 competitors),Market decline: losing 39% revenue | Limited market size: constrained opportunity and thin liquidity,MONITOR
72.0,63.775510204081634,58.39673748885234,Moderate,NOVARTIS PHARMA_CARBAMAZEPINE_VIETNAM,CARBAMAZEPINE,NOVARTIS PHARMA,VIETNAM,HOSPITAL,,,0.0,1,100.0,2906208870676.228,False,False,False,False,28.6,19.3,High,Medium,GROWTH,📊 Stable growth (0%) | 🎯 Niche market ($0.0M) | 🏢 Share: 100.0% | 🛡️ Concentrated (1 competitors) | ⚡ High volatility,Monopoly concentration (100.0% share) increases regulatory and pricing exposure | High volatility: unstable MAT trajectory across periods | Generic erosion pressure: price decline with volume expansion | Limited market size: constrained opportunity and thin liquidity,MONOPOLY_DEFENSE
73.0,63.26530612244898,56.46942797461932,Moderate,SANOFI_VALPROIC ACID_VIETNAM,VALPROIC ACID,SANOFI,VIETNAM,HOSPITAL,-93.3,-93.3,0.0,4,0.0,4.613,False,False,False,False,12.8,10.6,High,Medium,GROWTH,⚠️ Declining demand (-93%) | 🎯 Niche market ($0.0M) | 🏢 Share: 0.0% | ⚔️ Competitive (4 competitors) | 💵 Pricing power (+11.3%) | ⚡ High volatility,High volatility: unstable MAT trajectory across periods | Generic erosion pressure: price decline with volume expansion | Market decline: losing 93% revenue | Limited market size: constrained opportunity and thin liquidity,TENDER_STRATEGY
74.0,62.755102040816325,55.60351355739293,Moderate,JANSSEN-CILAG_TOPIRAMATE_VIETNAM,TOPIRAMATE,JANSSEN-CILAG,VIETNAM,RETAIL,-70.3,-70.3,0.1,8,4.3,0.366,False,False,False,False,14.5,15.5,High,Medium,GROWTH,⚠️ Declining demand (-70%) | 🎯 Niche market ($0.1M) | 🏢 Share: 4.3% | ⚔️ Competitive (8 competitors),Market decline: losing 70% revenue | Limited market size: constrained opportunity and thin liquidity,MONITOR
75.0,62.244897959183675,54.71974619552311,Moderate,DANAPHA (TW5)_PHENYTOIN_VIETNAM,PHENYTOIN,DANAPHA (TW5),VIETNAM,RETAIL,71.8,71.8,0.1,19,1.7,0.227,False,False,False,False,21.0,23.6,High,Medium,GROWTH,🔥 Strong growth (72%) | 🎯 Niche market ($0.1M) | 🏢 Share: 1.7% | 🔀 Fragmented (19 competitors) | 📉 Price pressure (-12.2%),Generic erosion pressure: price decline with volume expansion | Limited market size: constrained opportunity and thin liquidity,NICHE_PARTNERSHIP
76.0,61.73469387755102,53.72319504718358,Moderate,DANAPHA (TW5)_VALPROIC ACID_VIETNAM,VALPROIC ACID,DANAPHA (TW5),VIETNAM,RETAIL,,,0.0,19,0.5,58781786720036.8,False,False,False,False,1.7,7.4,High,Medium,GROWTH,📊 Stable growth (0%) | 🎯 Niche market ($0.0M) | 🏢 Share: 0.5% | 🔀 Fragmented (19 competitors) | ⚡ High volatility,High volatility: unstable MAT trajectory across periods | Generic erosion pressure: price decline with volume expansion | Limited market size: constrained opportunity and thin liquidity,MONITOR
77.0,61.224489795918366,52.07675641384742,Moderate,PYMEPHARCO_LEVETIRACETAM_VIETNAM,LEVETIRACETAM,PYMEPHARCO,VIETNAM,RETAIL,500.0,500.0,0.5,7,11.9,7.885,False,False,False,False,1.7,12.9,High,Medium,GROWTH,🔥 Strong growth (500%) | 🎯 Niche market ($0.5M) | 🏢 Share: 11.9% | ⚔️ Competitive (7 competitors) | ⚡ High volatility,High volatility: unstable MAT trajectory across periods | Generic erosion pressure: price decline with volume expansion | Limited market size: constrained opportunity and thin liquidity,NICHE_PARTNERSHIP
78.0,60.71428571428571,51.76907633866073,Moderate,BOEH. INGEL_PRAMIPEXOLE_VIETNAM,PRAMIPEXOLE,BOEH. INGEL,VIETNAM,HOSPITAL,,,0.1,7,2.2,696952727808708.8,False,False,False,False,26.3,16.8,High,Low,GROWTH,📊 Stable growth (0%) | 🎯 Niche market ($0.1M) | 🏢 Share: 2.2% | ⚔️ Competitive (7 competitors) | ⚡ High volatility,High volatility: unstable MAT trajectory across periods | Generic erosion pressure: price decline with volume expansion | Limited market size: constrained opportunity and thin liquidity,MONITOR
79.0,60.204081632653065,51.7179051089785,Moderate,STELLAPHARM_LEVETIRACETAM_VIETNAM,LEVETIRACETAM,STELLAPHARM,VIETNAM,RETAIL,248.1,248.1,0.0,4,1.7,8959042917634.266,False,False,False,False,1.7,14.2,High,Medium,GROWTH,🔥 Strong growth (248%) | 🎯 Niche market ($0.0M) | 🏢 Share: 1.7% | ⚔️ Competitive (4 competitors) | 💵 Pricing power (+49.9%) | ⚡ High volatility,High volatility: unstable MAT trajectory across periods | Generic erosion pressure: price decline with volume expansion | Limited market size: constrained opportunity and thin liquidity,TENDER_STRATEGY
80.0,59.693877551020414,51.561424736625895,Moderate,PHARMATHEN_LEVETIRACETAM_VIETNAM,LEVETIRACETAM,PHARMATHEN,VIETNAM,HOSPITAL,-100.0,-100.0,0.0,19,0.0,0.322,False,False,False,False,1.8,15.1,High,Medium,GROWTH,⚠️ Declining demand (-100%) | 🎯 Niche market ($0.0M) | 🏢 Share: 0.0% | 🔀 Fragmented (19 competitors),Generic erosion pressure: price decline with volume expansion | Market decline: losing 100% revenue | Limited market size: constrained opportunity and thin liquidity,MONITOR
81.0,59.183673469387756,51.50524129468113,Moderate,DANAPHA (TW5)_LEVETIRACETAM_VIETNAM,LEVETIRACETAM,DANAPHA (TW5),VIETNAM,HOSPITAL,-100.0,-100.0,0.0,19,0.0,0.707,False,False,False,False,3.3,19.7,High,Medium,GROWTH,⚠️ Declining demand (-100%) | 🎯 Niche market ($0.0M) | 🏢 Share: 0.0% | 🔀 Fragmented (19 competitors) | ⚡ High volatility,High volatility: unstable MAT trajectory across periods | Generic erosion pressure: price decline with volume expansion | Market decline: losing 100% revenue | Limited market size: constrained opportunity and thin liquidity,MONITOR
82.0,58.673469387755105,50.88809166524828,Moderate,DANAPHA (TW5)_TRIHEXYPHENIDYL_VIETNAM,TRIHEXYPHENIDYL,DANAPHA (TW5),VIETNAM,HOSPITAL,-100.0,-100.0,0.0,2,0.0,0.463,False,False,False,False,44.3,24.7,Medium,Low,GROWTH,⚠️ Declining demand (-100%) | 🎯 Niche market ($0.0M) | 🏢 Share: 0.0% | 🛡️ Concentrated (2 competitors),Generic erosion pressure: price decline with volume expansion | Market decline: losing 100% revenue | Limited market size: constrained opportunity and thin liquidity,TENDER_STRATEGY
83.0,58.16326530612245,50.79415507802712,Moderate,AGIMEXPHARM_LEVETIRACETAM_VIETNAM,LEVETIRACETAM,AGIMEXPHARM,VIETNAM,RETAIL,-79.7,-79.7,0.3,2,53.4,0.482,False,False,False,False,2.0,18.1,High,Medium,GROWTH,⚠️ Declining demand (-80%) | 🎯 Niche market ($0.3M) | 🏢 Share: 53.4% | 🛡️ Concentrated (2 competitors),Generic erosion pressure: price decline with volume expansion | Market decline: losing 80% revenue | Limited market size: constrained opportunity and thin liquidity,TENDER_STRATEGY
84.0,57.6530612244898,50.15016874372125,Moderate,DAVI PHARM_LEVETIRACETAM_VIETNAM,LEVETIRACETAM,DAVI PHARM,VIETNAM,RETAIL,-95.1,-95.1,0.0,19,0.1,0.509,False,False,False,False,1.7,19.3,High,Medium,GROWTH,⚠️ Declining demand (-95%) | 🎯 Niche market ($0.0M) | 🏢 Share: 0.1% | 🔀 Fragmented (19 competitors) | 📉 Price pressure (-15.4%) | ⚡ High volatility,High volatility: unstable MAT trajectory across periods | Generic erosion pressure: price decline with volume expansion | Market decline: losing 95% revenue | Limited market size: constrained opportunity and thin liquidity,MONITOR
85.0,57.14285714285714,50.136409717178616,Moderate,SAVIPHARM_LEVETIRACETAM_VIETNAM,LEVETIRACETAM,SAVIPHARM,VIETNAM,HOSPITAL,43.3,43.3,2.3,14,33.5,0.191,False,False,False,False,1.7,19.4,High,Medium,GROWTH,📊 Stable growth (43%) | 🎯 Niche market ($2.3M) | 🏢 Share: 33.5% | ⚔️ Competitive (14 competitors),None identified,NICHE_PARTNERSHIP
86.0,56.63265306122449,50.129981639329905,Moderate,DAVI PHARM_LEVETIRACETAM_VIETNAM,LEVETIRACETAM,DAVI PHARM,VIETNAM,HOSPITAL,96.7,96.7,0.8,14,11.4,0.347,False,False,False,False,1.7,19.4,High,Medium,GROWTH,🔥 Strong growth (97%) | 🎯 Niche market ($0.8M) | 🏢 Share: 11.4% | ⚔️ Competitive (14 competitors),Generic erosion pressure: price decline with volume expansion | Limited market size: constrained opportunity and thin liquidity,NICHE_PARTNERSHIP
87.0,56.12244897959183,50.12954948823936,Moderate,CPC1 HA NOI_LEVETIRACETAM_VIETNAM,LEVETIRACETAM,CPC1 HA NOI,VIETNAM,RETAIL,-3.9,-3.9,0.1,14,1.2,0.756,False,False,False,False,1.7,19.4,High,Medium,GROWTH,📊 Stable growth (-4%) | 🎯 Niche market ($0.1M) | 🏢 Share: 1.2% | ⚔️ Competitive (14 competitors) | ⚡ High volatility,High volatility: unstable MAT trajectory across periods | Limited market size: constrained opportunity and thin liquidity,MONITOR
88.0,55.61224489795919,50.108804545027695,Moderate,CPC1 HA NOI_LEVETIRACETAM_VIETNAM,LEVETIRACETAM,CPC1 HA NOI,VIETNAM,HOSPITAL,,,0.0,7,1.5,263701331907899.16,False,False,False,False,1.7,19.5,High,Medium,GROWTH,📊 Stable growth (0%) | 🎯 Niche market ($0.0M) | 🏢 Share: 1.5% | ⚔️ Competitive (7 competitors) | ⚡ High volatility,High volatility: unstable MAT trajectory across periods | Generic erosion pressure: price decline with volume expansion | Limited market size: constrained opportunity and thin liquidity,MONITOR
89.0,55.10204081632652,49.309690274308394,Avoid,SUN PHARMA_CARBIDOPA!LEVODOPA_VIETNAM,CARBIDOPA!LEVODOPA,SUN PHARMA,VIETNAM,HOSPITAL,494.6,494.6,0.2,19,4.0,6.262,False,False,False,False,23.1,16.7,Medium,Low,GROWTH,🔥 Strong growth (495%) | 🎯 Niche market ($0.2M) | 🏢 Share: 4.0% | 🔀 Fragmented (19 competitors) | ⚡ High volatility,High volatility: unstable MAT trajectory across periods | Generic erosion pressure: price decline with volume expansion | Limited market size: constrained opportunity and thin liquidity,NICHE_PARTNERSHIP
90.0,54.59183673469388,49.048978004247815,Avoid,HASAN-DERMAPHARM_VALPROIC ACID_VIETNAM,VALPROIC ACID,HASAN-DERMAPHARM,VIETNAM,RETAIL,,,0.0,19,0.0,7297341981845.17,False,False,False,False,1.7,23.0,High,Medium,GROWTH,📊 Stable growth (0%) | 🎯 Niche market ($0.0M) | 🏢 Share: 0.0% | 🔀 Fragmented (19 competitors) | ⚡ High volatility,High volatility: unstable MAT trajectory across periods | Generic erosion pressure: price decline with volume expansion | Limited market size: constrained opportunity and thin liquidity,MONITOR
91.0,54.08163265306123,49.04625041311337,Avoid,SANOFI VNX_VALPROIC ACID_VIETNAM,VALPROIC ACID,SANOFI VNX,VIETNAM,RETAIL,,,0.1,8,6.2,126133707628053.39,False,False,False,False,1.7,23.0,High,Medium,GROWTH,📊 Stable growth (0%) | 🎯 Niche market ($0.1M) | 🏢 Share: 6.2% | ⚔️ Competitive (8 competitors) | ⚡ High volatility,High volatility: unstable MAT trajectory across periods | Generic erosion pressure: price decline with volume expansion | Limited market size: constrained opportunity and thin liquidity,MONITOR
92.0,53.57142857142857,49.00021716898058,Avoid,HASAN-DERMAPHARM_VALPROIC ACID_VIETNAM,VALPROIC ACID,HASAN-DERMAPHARM,VIETNAM,HOSPITAL,-5.2,-5.2,0.6,7,25.2,0.2,False,False,False,False,1.7,23.2,High,Medium,GROWTH,📊 Stable growth (-5%) | 🎯 Niche market ($0.6M) | 🏢 Share: 25.2% | ⚔️ Competitive (7 competitors),Limited market size: constrained opportunity and thin liquidity,MONITOR
93.0,53.06122448979592,48.9731098921513,Avoid,DANAPHA (TW5)_VALPROIC ACID_VIETNAM,VALPROIC ACID,DANAPHA (TW5),VIETNAM,HOSPITAL,500.0,500.0,0.0,5,1.7,133501760288020.88,False,False,False,False,1.7,23.4,High,Medium,GROWTH,🔥 Strong growth (500%) | 🎯 Niche market ($0.0M) | 🏢 Share: 1.7% | ⚔️ Competitive (5 competitors) | ⚡ High volatility,High volatility: unstable MAT trajectory across periods | Generic erosion pressure: price decline with volume expansion | Limited market size: constrained opportunity and thin liquidity,NICHE_PARTNERSHIP
94.0,52.55102040816326,48.912390599282986,Avoid,AGUETTANT_VALPROIC ACID_VIETNAM,VALPROIC ACID,AGUETTANT,VIETNAM,RETAIL,-20.5,-20.5,0.0,8,1.9,0.111,False,False,False,False,1.7,23.7,High,Medium,GROWTH,⚠️ Declining demand (-21%) | 🎯 Niche market ($0.0M) | 🏢 Share: 1.9% | ⚔️ Competitive (8 competitors),Market decline: losing 21% revenue | Limited market size: constrained opportunity and thin liquidity,MONITOR
95.0,52.04081632653062,48.89689089108502,Avoid,WEALPHAR_VALPROIC ACID_VIETNAM,VALPROIC ACID,WEALPHAR,VIETNAM,HOSPITAL,-100.0,-100.0,0.0,8,0.0,0.707,False,False,False,False,1.7,23.7,High,Medium,GROWTH,⚠️ Declining demand (-100%) | 🎯 Niche market ($0.0M) | 🏢 Share: 0.0% | ⚔️ Competitive (8 competitors) | ⚡ High volatility,High volatility: unstable MAT trajectory across periods | Generic erosion pressure: price decline with volume expansion | Market decline: losing 100% revenue | Limited market size: constrained opportunity and thin liquidity,MONITOR
96.0,51.53061224489795,48.56973302907146,Avoid,DEMO SA_VALPROIC ACID_VIETNAM,VALPROIC ACID,DEMO SA,VIETNAM,HOSPITAL,169.8,169.8,0.0,14,0.5,2.625,False,False,False,False,1.9,25.2,High,Medium,GROWTH,🔥 Strong growth (170%) | 🎯 Niche market ($0.0M) | 🏢 Share: 0.5% | ⚔️ Competitive (14 competitors) | ⚡ High volatility,High volatility: unstable MAT trajectory across periods | Generic erosion pressure: price decline with volume expansion | Limited market size: constrained opportunity and thin liquidity,NICHE_PARTNERSHIP
97.0,51.02040816326531,48.53884965450611,Avoid,DOPHARMA (TW2)_TOPIRAMATE_VIETNAM,TOPIRAMATE,DOPHARMA (TW2),VIETNAM,HOSPITAL,500.0,500.0,0.0,14,0.1,2.943,False,False,False,False,1.7,24.8,High,Medium,GROWTH,🔥 Strong growth (500%) | 🎯 Niche market ($0.0M) | 🏢 Share: 0.1% | ⚔️ Competitive (14 competitors) | ⚡ High volatility,High volatility: unstable MAT trajectory across periods | Generic erosion pressure: price decline with volume expansion | Limited market size: constrained opportunity and thin liquidity,NICHE_PARTNERSHIP
98.0,50.51020408163265,48.44900046946772,Avoid,MEDISUN_VALPROIC ACID_VIETNAM,VALPROIC ACID,MEDISUN,VIETNAM,HOSPITAL,29.1,29.1,0.4,19,9.6,0.756,False,False,False,False,1.9,25.8,High,Medium,GROWTH,📊 Stable growth (29%) | 🎯 Niche market ($0.4M) | 🏢 Share: 9.6% | 🔀 Fragmented (19 competitors) | ⚡ High volatility,High volatility: unstable MAT trajectory across periods | Limited market size: constrained opportunity and thin liquidity,NICHE_PARTNERSHIP
99.0,50.0,47.9752068135239,Avoid,DAVI PHARM_TOPIRAMATE_VIETNAM,TOPIRAMATE,DAVI PHARM,VIETNAM,RETAIL,500.0,500.0,0.2,6,42.1,20.437,False,False,False,False,1.7,26.6,High,Medium,GROWTH,🔥 Strong growth (500%) | 🎯 Niche market ($0.2M) | 🏢 Share: 42.1% | ⚔️ Competitive (6 competitors) | ⚡ High volatility,High volatility: unstable MAT trajectory across periods | Generic erosion pressure: price decline with volume expansion | Limited market size: constrained opportunity and thin liquidity,NICHE_PARTNERSHIP
100.0,49.48979591836735,47.97237367648956,Avoid,SAVIPHARM_TOPIRAMATE_VIETNAM,TOPIRAMATE,SAVIPHARM,VIETNAM,HOSPITAL,,,0.0,5,0.0,10649028124670.113,False,False,False,False,2.4,28.7,High,Medium,GROWTH,📊 Stable growth (0%) | 🎯 Niche market ($0.0M) | 🏢 Share: 0.0% | ⚔️ Competitive (5 competitors) | ⚡ High volatility,High volatility: unstable MAT trajectory across periods | Generic erosion pressure: price decline with volume expansion | Limited market size: constrained opportunity and thin liquidity,MONITOR
101.0,48.97959183673469,47.66352264831879,Avoid,KRKA_PRAMIPEXOLE_VIETNAM,PRAMIPEXOLE,KRKA,VIETNAM,HOSPITAL,-100.0,-100.0,0.0,19,0.0,0.707,False,False,False,False,2.8,31.1,High,Medium,GROWTH,⚠️ Declining demand (-100%) | 🎯 Niche market ($0.0M) | 🏢 Share: 0.0% | 🔀 Fragmented (19 competitors) | ⚡ High volatility,High volatility: unstable MAT trajectory across periods | Generic erosion pressure: price decline with volume expansion | Market decline: losing 100% revenue | Limited market size: constrained opportunity and thin liquidity,MONITOR
102.0,48.46938775510204,47.62696053387268,Avoid,KRKA_PRAMIPEXOLE_VIETNAM,PRAMIPEXOLE,KRKA,VIETNAM,RETAIL,-100.0,-100.0,0.0,19,0.0,0.707,False,False,False,False,1.9,28.3,High,Medium,GROWTH,⚠️ Declining demand (-100%) | 🎯 Niche market ($0.0M) | 🏢 Share: 0.0% | 🔀 Fragmented (19 competitors) | ⚡ High volatility,High volatility: unstable MAT trajectory across periods | Generic erosion pressure: price decline with volume expansion | Market decline: losing 100% revenue | Limited market size: constrained opportunity and thin liquidity,MONITOR
103.0,47.95918367346938,47.604945875444216,Avoid,AN THIEN_A.T PHARM_CARBIDOPA!LEVODOPA_VIETNAM,CARBIDOPA!LEVODOPA,AN THIEN_A.T PHARM,VIETNAM,HOSPITAL,-97.5,-97.5,0.0,7,0.1,1.168,False,False,False,False,2.8,31.0,High,Medium,GROWTH,⚠️ Declining demand (-98%) | 🎯 Niche market ($0.0M) | 🏢 Share: 0.1% | ⚔️ Competitive (7 competitors) | ⚡ High volatility,High volatility: unstable MAT trajectory across periods | Generic erosion pressure: price decline with volume expansion | Market decline: losing 98% revenue | Limited market size: constrained opportunity and thin liquidity,MONITOR
104.0,47.44897959183674,47.58466301782492,Avoid,KRKA_PRAMIPEXOLE_VIETNAM,PRAMIPEXOLE,KRKA,VIETNAM,RETAIL,-100.0,-100.0,0.0,8,0.0,18.237,False,False,False,False,2.4,29.8,High,Medium,GROWTH,⚠️ Declining demand (-100%) | 🎯 Niche market ($0.0M) | 🏢 Share: 0.0% | ⚔️ Competitive (8 competitors) | ⚡ High volatility,High volatility: unstable MAT trajectory across periods | Generic erosion pressure: price decline with volume expansion | Market decline: losing 100% revenue | Limited market size: constrained opportunity and thin liquidity,MONITOR
105.0,46.93877551020408,47.580746439547354,Avoid,KRKA_PRAMIPEXOLE_VIETNAM,PRAMIPEXOLE,KRKA,VIETNAM,HOSPITAL,-100.0,-100.0,0.0,14,0.0,0.707,False,False,False,False,3.4,32.9,High,Medium,MATURE,⚠️ Declining demand (-100%) | 🎯 Niche market ($0.0M) | 🏢 Share: 0.0% | ⚔️ Competitive (14 competitors) | ⚡ High volatility,High volatility: unstable MAT trajectory across periods | Generic erosion pressure: price decline with volume expansion | Market decline: losing 100% revenue | Limited market size: constrained opportunity and thin liquidity,MONITOR
106.0,46.42857142857143,47.56156151828665,Avoid,HERABIOPHARM_VALPROIC ACID_VIETNAM,VALPROIC ACID,HERABIOPHARM,VIETNAM,HOSPITAL,500.0,500.0,0.2,19,4.2,38.084,False,False,False,False,2.3,29.9,High,Medium,MATURE,🔥 Strong growth (500%) | 🎯 Niche market ($0.2M) | 🏢 Share: 4.2% | 🔀 Fragmented (19 competitors) | ⚡ High volatility,High volatility: unstable MAT trajectory across periods | Generic erosion pressure: price decline with volume expansion | Limited market size: constrained opportunity and thin liquidity,NICHE_PARTNERSHIP
107.0,45.91836734693878,47.29284431928453,Avoid,DAVI PHARM_TOPIRAMATE_VIETNAM,TOPIRAMATE,DAVI PHARM,VIETNAM,RETAIL,500.0,500.0,0.0,4,13.2,5.761,False,False,False,False,1.8,29.3,High,Medium,GROWTH,🔥 Strong growth (500%) | 🎯 Niche market ($0.0M) | 🏢 Share: 13.2% | ⚔️ Competitive (4 competitors) | 📉 Price pressure (-16.8%) | ⚡ High volatility,High volatility: unstable MAT trajectory across periods | Generic erosion pressure: price decline with volume expansion | Limited market size: constrained opportunity and thin liquidity,TENDER_STRATEGY
108.0,45.40816326530612,46.95181065703116,Avoid,SAVIPHARM_TOPIRAMATE_VIETNAM,TOPIRAMATE,SAVIPHARM,VIETNAM,RETAIL,,,0.1,7,3.5,608380532397281.8,False,False,False,False,1.7,30.0,High,Medium,GROWTH,📊 Stable growth (0%) | 🎯 Niche market ($0.1M) | 🏢 Share: 3.5% | ⚔️ Competitive (7 competitors) | ⚡ High volatility,High volatility: unstable MAT trajectory across periods | Generic erosion pressure: price decline with volume expansion | Limited market size: constrained opportunity and thin liquidity,MONITOR
109.0,44.89795918367347,46.676464327375676,Avoid,DANAPHA (TW5)_PHENOBARBITAL_VIETNAM,PHENOBARBITAL,DANAPHA (TW5),VIETNAM,HOSPITAL,,,0.0,14,0.1,59807091552758.19,False,False,False,False,1.7,31.1,High,Medium,GROWTH,📊 Stable growth (0%) | 🎯 Niche market ($0.0M) | 🏢 Share: 0.1% | ⚔️ Competitive (14 competitors) | ⚡ High volatility,High volatility: unstable MAT trajectory across periods | Generic erosion pressure: price decline with volume expansion | Limited market size: constrained opportunity and thin liquidity,MONITOR
110.0,44.38775510204081,46.58128382795678,Avoid,BOSTON VN_PRAMIPEXOLE_VIETNAM,PRAMIPEXOLE,BOSTON VN,VIETNAM,RETAIL,408.3,408.3,0.0,19,0.8,4.794,False,False,False,False,1.7,31.3,High,Medium,GROWTH,🔥 Strong growth (408%) | 🎯 Niche market ($0.0M) | 🏢 Share: 0.8% | 🔀 Fragmented (19 competitors) | ⚡ High volatility,High volatility: unstable MAT trajectory across periods | Generic erosion pressure: price decline with volume expansion | Limited market size: constrained opportunity and thin liquidity,NICHE_PARTNERSHIP
111.0,43.87755102040816,46.57381212521627,Avoid,DRP INTER_CARBIDOPA!LEVODOPA_VIETNAM,CARBIDOPA!LEVODOPA,DRP INTER,VIETNAM,RETAIL,-20.3,-20.3,0.0,19,0.5,2.361,False,False,False,False,1.7,31.3,High,Medium,GROWTH,⚠️ Declining demand (-20%) | 🎯 Niche market ($0.0M) | 🏢 Share: 0.5% | 🔀 Fragmented (19 competitors) | 📉 Price pressure (-11.1%) | ⚡ High volatility,High volatility: unstable MAT trajectory across periods | Market decline: losing 20% revenue | Limited market size: constrained opportunity and thin liquidity,MONITOR
112.0,43.36734693877551,46.562522738516435,Avoid,EVERTOGEN_CARBIDOPA!LEVODOPA_VIETNAM,CARBIDOPA!LEVODOPA,EVERTOGEN,VIETNAM,RETAIL,-100.0,-100.0,0.0,19,0.0,0.707,False,False,False,False,1.7,31.4,High,Medium,GROWTH,⚠️ Declining demand (-100%) | 🎯 Niche market ($0.0M) | 🏢 Share: 0.0% | 🔀 Fragmented (19 competitors) | ⚡ High volatility,High volatility: unstable MAT trajectory across periods | Generic erosion pressure: price decline with volume expansion | Market decline: losing 100% revenue | Limited market size: constrained opportunity and thin liquidity,MONITOR
113.0,42.857142857142854,46.555896294166544,Avoid,AN THIEN_A.T PHARM_CARBIDOPA!LEVODOPA_VIETNAM,CARBIDOPA!LEVODOPA,AN THIEN_A.T PHARM,VIETNAM,RETAIL,-52.4,-52.4,0.0,19,1.2,0.258,False,False,False,False,1.7,31.4,High,Medium,GROWTH,⚠️ Declining demand (-52%) | 🎯 Niche market ($0.0M) | 🏢 Share: 1.2% | 🔀 Fragmented (19 competitors) | 📉 Price pressure (-25.7%),Market decline: losing 52% revenue | Limited market size: constrained opportunity and thin liquidity,MONITOR
114.0,42.3469387755102,46.48903670358922,Avoid,PHARMATHEN_PRAMIPEXOLE_VIETNAM,PRAMIPEXOLE,PHARMATHEN,VIETNAM,RETAIL,,,0.0,19,1.1,29019662299889.863,False,False,False,False,1.7,31.7,High,Medium,GROWTH,📊 Stable growth (0%) | 🎯 Niche market ($0.0M) | 🏢 Share: 1.1% | 🔀 Fragmented (19 competitors) | ⚡ High volatility,High volatility: unstable MAT trajectory across periods | Generic erosion pressure: price decline with volume expansion | Limited market size: constrained opportunity and thin liquidity,MONITOR
115.0,41.83673469387755,46.452151878083335,Avoid,NORMON_PRAMIPEXOLE_VIETNAM,PRAMIPEXOLE,NORMON,VIETNAM,RETAIL,,,0.0,14,0.1,53725973234553.88,False,False,False,False,1.7,31.9,High,Medium,GROWTH,📊 Stable growth (0%) | 🎯 Niche market ($0.0M) | 🏢 Share: 0.1% | ⚔️ Competitive (14 competitors) | ⚡ High volatility,High volatility: unstable MAT trajectory across periods | Generic erosion pressure: price decline with volume expansion | Limited market size: constrained opportunity and thin liquidity,MONITOR
116.0,41.3265306122449,45.913791728362966,Avoid,SAVIPHARM_CARBIDOPA!LEVODOPA_VIETNAM,CARBIDOPA!LEVODOPA,SAVIPHARM,VIETNAM,HOSPITAL,500.0,500.0,0.0,14,0.1,14.16,False,False,False,False,2.0,34.4,High,Medium,GROWTH,🔥 Strong growth (500%) | 🎯 Niche market ($0.0M) | 🏢 Share: 0.1% | ⚔️ Competitive (14 competitors) | 📉 Price pressure (-26.7%) | ⚡ High volatility,High volatility: unstable MAT trajectory across periods | Generic erosion pressure: price decline with volume expansion | Limited market size: constrained opportunity and thin liquidity,NICHE_PARTNERSHIP
117.0,40.816326530612244,45.794039302397024,Avoid,DAVI PHARM_LAMOTRIGINE_VIETNAM,LAMOTRIGINE,DAVI PHARM,VIETNAM,HOSPITAL,,,0.0,7,0.1,12190520907656.08,False,False,False,False,1.7,33.9,High,Medium,GROWTH,📊 Stable growth (0%) | 🎯 Niche market ($0.0M) | 🏢 Share: 0.1% | ⚔️ Competitive (7 competitors) | ⚡ High volatility,High volatility: unstable MAT trajectory across periods | Generic erosion pressure: price decline with volume expansion | Limited market size: constrained opportunity and thin liquidity,MONITOR
118.0,40.30612244897959,45.774404803471974,Avoid,TORRENT_LAMOTRIGINE_VIETNAM,LAMOTRIGINE,TORRENT,VIETNAM,HOSPITAL,-100.0,-100.0,0.0,6,0.0,0.707,False,False,False,False,1.7,34.0,High,Medium,GROWTH,⚠️ Declining demand (-100%) | 🎯 Niche market ($0.0M) | 🏢 Share: 0.0% | ⚔️ Competitive (6 competitors) | ⚡ High volatility,High volatility: unstable MAT trajectory across periods | Generic erosion pressure: price decline with volume expansion | Market decline: losing 100% revenue | Limited market size: constrained opportunity and thin liquidity,MONITOR
119.0,39.795918367346935,45.76014867787619,Avoid,DANAPHA (TW5)_OXCARBAZEPINE_VIETNAM,OXCARBAZEPINE,DANAPHA (TW5),VIETNAM,RETAIL,-100.0,-100.0,0.0,6,0.0,0.707,False,False,False,False,1.7,34.1,High,Medium,GROWTH,⚠️ Declining demand (-100%) | 🎯 Niche market ($0.0M) | 🏢 Share: 0.0% | ⚔️ Competitive (6 competitors) | ⚡ High volatility,High volatility: unstable MAT trajectory across periods | Generic erosion pressure: price decline with volume expansion | Market decline: losing 100% revenue | Limited market size: constrained opportunity and thin liquidity,MONITOR
120.0,39.285714285714285,45.646593790279056,Avoid,DANAPHA (TW5)_VALPROIC ACID_VIETNAM,VALPROIC ACID,DANAPHA (TW5),VIETNAM,RETAIL,19.6,19.6,0.3,7,6.3,0.131,False,False,False,False,11.1,9.0,High,Low,GROWTH,📊 Stable growth (20%) | 🎯 Niche market ($0.3M) | 🏢 Share: 6.3% | ⚔️ Competitive (7 competitors),Limited market size: constrained opportunity and thin liquidity,NICHE_PARTNERSHIP
121.0,38.775510204081634,45.627436996157705,Avoid,STELLAPHARM_LAMOTRIGINE_VIETNAM,LAMOTRIGINE,STELLAPHARM,VIETNAM,HOSPITAL,-55.7,-55.7,0.0,7,0.6,0.237,False,False,False,False,1.8,34.7,High,Medium,GROWTH,⚠️ Declining demand (-56%) | 🎯 Niche market ($0.0M) | 🏢 Share: 0.6% | ⚔️ Competitive (7 competitors),Market decline: losing 56% revenue | Limited market size: constrained opportunity and thin liquidity,MONITOR
122.0,38.265306122448976,45.02834543600376,Avoid,VINPHACO-VINH PHUC_CARBIDOPA!LEVODOPA_VIETNAM,CARBIDOPA!LEVODOPA,VINPHACO-VINH PHUC,VIETNAM,HOSPITAL,-20.8,-20.8,0.1,7,2.4,0.236,False,False,False,False,2.4,38.4,Medium,Medium,MATURE,⚠️ Declining demand (-21%) | 🎯 Niche market ($0.1M) | 🏢 Share: 2.4% | ⚔️ Competitive (7 competitors),Market decline: losing 21% revenue | Limited market size: constrained opportunity and thin liquidity,MONITOR
123.0,37.755102040816325,44.79973109141808,Avoid,PHARMATHEN_PRAMIPEXOLE_VIETNAM,PRAMIPEXOLE,PHARMATHEN,VIETNAM,HOSPITAL,,,0.0,7,0.0,2220315292925.759,False,False,False,False,2.5,39.5,Medium,Medium,MATURE,📊 Stable growth (0%) | 🎯 Niche market ($0.0M) | 🏢 Share: 0.0% | ⚔️ Competitive (7 competitors) | ⚡ High volatility,High volatility: unstable MAT trajectory across periods | Generic erosion pressure: price decline with volume expansion | Limited market size: constrained opportunity and thin liquidity,MONITOR
124.0,37.244897959183675,44.76300356958936,Avoid,DRP INTER_CARBIDOPA!LEVODOPA_VIETNAM,CARBIDOPA!LEVODOPA,DRP INTER,VIETNAM,HOSPITAL,,,0.0,19,0.0,9991418818165.916,False,False,False,False,2.5,39.6,Medium,Medium,MATURE,📊 Stable growth (0%) | 🎯 Niche market ($0.0M) | 🏢 Share: 0.0% | 🔀 Fragmented (19 competitors) | ⚡ High volatility,High volatility: unstable MAT trajectory across periods | Generic erosion pressure: price decline with volume expansion | Limited market size: constrained opportunity and thin liquidity,MONITOR
125.0,36.734693877551024,44.742862337543166,Avoid,EVERTOGEN_CARBIDOPA!LEVODOPA_VIETNAM,CARBIDOPA!LEVODOPA,EVERTOGEN,VIETNAM,HOSPITAL,143.3,143.3,0.0,6,4.1,0.085,False,False,False,False,2.5,39.7,Medium,Medium,MATURE,🔥 Strong growth (143%) | 🎯 Niche market ($0.0M) | 🏢 Share: 4.1% | ⚔️ Competitive (6 competitors),Generic erosion pressure: price decline with volume expansion | Limited market size: constrained opportunity and thin liquidity,NICHE_PARTNERSHIP
126.0,36.224489795918366,44.6082827008338,Avoid,ROCHE VNX_BENSERAZIDE!LEVODOPA_VIETNAM,BENSERAZIDE!LEVODOPA,ROCHE VNX,VIETNAM,RETAIL,199.3,199.3,0.0,19,1.2,1.073,False,False,False,False,1.7,38.0,High,Medium,GROWTH,🔥 Strong growth (199%) | 🎯 Niche market ($0.0M) | 🏢 Share: 1.2% | 🔀 Fragmented (19 competitors) | 📉 Price pressure (-11.7%) | ⚡ High volatility,High volatility: unstable MAT trajectory across periods | Generic erosion pressure: price decline with volume expansion | Limited market size: constrained opportunity and thin liquidity,NICHE_PARTNERSHIP
127.0,35.714285714285715,43.38043381024668,Avoid,BOEH. INGEL_PRAMIPEXOLE_VIETNAM,PRAMIPEXOLE,BOEH. INGEL,VIETNAM,HOSPITAL,,,0.0,5,0.3,20371746365984.434,False,False,False,False,8.3,19.0,High,Low,GROWTH,📊 Stable growth (0%) | 🎯 Niche market ($0.0M) | 🏢 Share: 0.3% | ⚔️ Competitive (5 competitors) | ⚡ High volatility,High volatility: unstable MAT trajectory across periods | Generic erosion pressure: price decline with volume expansion | Limited market size: constrained opportunity and thin liquidity,MONITOR
128.0,35.204081632653065,42.47216784426748,Avoid,EVERTOGEN_CARBIDOPA!LEVODOPA_VIETNAM,CARBIDOPA!LEVODOPA,EVERTOGEN,VIETNAM,HOSPITAL,500.0,500.0,0.0,4,53.7,10.003,False,False,False,False,3.4,50.0,Low,Medium,MATURE,🔥 Strong growth (500%) | 🎯 Niche market ($0.0M) | 🏢 Share: 53.7% | ⚔️ Competitive (4 competitors) | 💵 Pricing power (+13.4%) | ⚡ High volatility,High volatility: unstable MAT trajectory across periods | Generic erosion pressure: price decline with volume expansion | Limited market size: constrained opportunity and thin liquidity,DIFFERENTIATION
129.0,34.69387755102041,42.193121487914205,Avoid,JANSSEN-CILAG_TOPIRAMATE_VIETNAM,TOPIRAMATE,JANSSEN-CILAG,VIETNAM,RETAIL,3.0,3.0,0.0,2,17.4,0.39,False,False,False,False,5.5,15.9,High,Low,GROWTH,📊 Stable growth (3%) | 🎯 Niche market ($0.0M) | 🏢 Share: 17.4% | 🛡️ Concentrated (2 competitors),Limited market size: constrained opportunity and thin liquidity,MONITOR
130.0,34.183673469387756,41.90427773765188,Avoid,Y.A.C PHARMA_LEVETIRACETAM_VIETNAM,LEVETIRACETAM,Y.A.C PHARMA,VIETNAM,HOSPITAL,-51.6,-51.6,0.0,4,18.1,0.174,False,False,False,False,2.7,12.8,High,Low,GROWTH,⚠️ Declining demand (-52%) | 🎯 Niche market ($0.0M) | 🏢 Share: 18.1% | ⚔️ Competitive (4 competitors) | 💵 Pricing power (+29.7%),Generic erosion pressure: price decline with volume expansion | Market decline: losing 52% revenue | Limited market size: constrained opportunity and thin liquidity,MONITOR
131.0,33.6734693877551,41.796817693373356,Avoid,NOVARTIS PHARMA_CARBIDOPA!ENTACAPONE!LEVODOPA_VIETNAM,CARBIDOPA!ENTACAPONE!LEVODOPA,NOVARTIS PHARMA,VIETNAM,RETAIL,-5.7,-5.7,0.0,14,0.3,0.305,False,False,False,False,1.7,47.2,High,Medium,GROWTH,📊 Stable growth (-6%) | 🎯 Niche market ($0.0M) | 🏢 Share: 0.3% | ⚔️ Competitive (14 competitors),Limited market size: constrained opportunity and thin liquidity,MONITOR
132.0,33.16326530612245,41.175064561396525,Avoid,GSK_LAMOTRIGINE_VIETNAM,LAMOTRIGINE,GSK,VIETNAM,RETAIL,,,0.0,14,0.0,0.0,False,False,False,False,7.6,20.7,High,Low,GROWTH,📊 Stable growth (0%) | 🎯 Niche market ($0.0M) | 🏢 Share: 0.0% | ⚔️ Competitive (14 competitors),Generic erosion pressure: price decline with volume expansion | Limited market size: constrained opportunity and thin liquidity,MONITOR
133.0,32.6530612244898,41.02352699516332,Avoid,SUN PHARMA_TOPIRAMATE_VIETNAM,TOPIRAMATE,SUN PHARMA,VIETNAM,HOSPITAL,356.2,356.2,0.1,14,0.8,0.408,False,False,False,False,2.8,15.8,High,Low,GROWTH,🔥 Strong growth (356%) | 🎯 Niche market ($0.1M) | 🏢 Share: 0.8% | ⚔️ Competitive (14 competitors),Generic erosion pressure: price decline with volume expansion | Limited market size: constrained opportunity and thin liquidity,DIFFERENTIATION
134.0,32.142857142857146,40.966638655304024,Avoid,BOEH. INGEL_PRAMIPEXOLE_VIETNAM,PRAMIPEXOLE,BOEH. INGEL,VIETNAM,RETAIL,-83.6,-83.6,0.0,14,0.0,0.854,False,False,False,False,3.5,17.5,High,Low,GROWTH,⚠️ Declining demand (-84%) | 🎯 Niche market ($0.0M) | 🏢 Share: 0.0% | ⚔️ Competitive (14 competitors) | ⚡ High volatility,High volatility: unstable MAT trajectory across periods | Generic erosion pressure: price decline with volume expansion | Market decline: losing 84% revenue | Limited market size: constrained opportunity and thin liquidity,MONITOR
135.0,31.63265306122449,39.48272937642095,Avoid,JUBILANT GENERICS_OXCARBAZEPINE_VIETNAM,OXCARBAZEPINE,JUBILANT GENERICS,VIETNAM,HOSPITAL,-100.0,-100.0,0.0,5,0.0,0.707,False,False,False,False,3.3,21.5,High,Low,GROWTH,⚠️ Declining demand (-100%) | 🎯 Niche market ($0.0M) | 🏢 Share: 0.0% | ⚔️ Competitive (5 competitors) | ⚡ High volatility,High volatility: unstable MAT trajectory across periods | Generic erosion pressure: price decline with volume expansion | Market decline: losing 100% revenue | Limited market size: constrained opportunity and thin liquidity,MONITOR
136.0,31.122448979591837,38.23378568827858,Avoid,NOVARTIS PHARMA_OXCARBAZEPINE_VIETNAM,OXCARBAZEPINE,NOVARTIS PHARMA,VIETNAM,RETAIL,,,0.0,19,0.0,1364716087690.744,False,False,False,False,7.4,22.3,High,Low,GROWTH,📊 Stable growth (0%) | 🎯 Niche market ($0.0M) | 🏢 Share: 0.0% | 🔀 Fragmented (19 competitors) | ⚡ High volatility,High volatility: unstable MAT trajectory across periods | Generic erosion pressure: price decline with volume expansion | Limited market size: constrained opportunity and thin liquidity,MONITOR
137.0,30.612244897959183,37.72158192673426,Avoid,NOVARTIS PHARMA_CARBAMAZEPINE_VIETNAM,CARBAMAZEPINE,NOVARTIS PHARMA,VIETNAM,RETAIL,-100.0,-100.0,0.0,19,0.0,0.707,False,False,False,False,4.4,19.1,High,Low,GROWTH,⚠️ Declining demand (-100%) | 🎯 Niche market ($0.0M) | 🏢 Share: 0.0% | 🔀 Fragmented (19 competitors) | ⚡ High volatility,High volatility: unstable MAT trajectory across periods | Generic erosion pressure: price decline with volume expansion | Market decline: losing 100% revenue | Limited market size: constrained opportunity and thin liquidity,MONITOR
138.0,30.102040816326532,37.099579921870784,Avoid,SANOFI VNX_TRIHEXYPHENIDYL_VIETNAM,TRIHEXYPHENIDYL,SANOFI VNX,VIETNAM,RETAIL,-100.0,-100.0,0.0,19,0.0,1.045,False,False,False,False,2.5,28.7,High,Low,GROWTH,⚠️ Declining demand (-100%) | 🎯 Niche market ($0.0M) | 🏢 Share: 0.0% | 🔀 Fragmented (19 competitors) | ⚡ High volatility,High volatility: unstable MAT trajectory across periods | Generic erosion pressure: price decline with volume expansion | Market decline: losing 100% revenue | Limited market size: constrained opportunity and thin liquidity,MONITOR
139.0,29.591836734693878,35.94967358645262,Avoid,DANAPHA (TW5)_VALPROIC ACID_VIETNAM,VALPROIC ACID,DANAPHA (TW5),VIETNAM,HOSPITAL,500.0,500.0,0.0,5,0.0,2.022,False,False,False,False,1.1,16.9,High,Low,GROWTH,🔥 Strong growth (500%) | 🎯 Niche market ($0.0M) | 🏢 Share: 0.0% | ⚔️ Competitive (5 competitors) | 💵 Pricing power (+48.6%) | ⚡ High volatility,High volatility: unstable MAT trajectory across periods | Generic erosion pressure: price decline with volume expansion | Limited market size: constrained opportunity and thin liquidity,DIFFERENTIATION
140.0,29.081632653061224,35.04668263778525,Avoid,MYUNG IN PHAM_VALPROIC ACID_VIETNAM,VALPROIC ACID,MYUNG IN PHAM,VIETNAM,RETAIL,,,0.0,8,1.1,5494219689805.066,False,False,False,False,1.1,15.3,High,Low,GROWTH,📊 Stable growth (0%) | 🎯 Niche market ($0.0M) | 🏢 Share: 1.1% | ⚔️ Competitive (8 competitors) | ⚡ High volatility,High volatility: unstable MAT trajectory across periods | Generic erosion pressure: price decline with volume expansion | Limited market size: constrained opportunity and thin liquidity,MONITOR
141.0,28.57142857142857,34.65663228192491,Avoid,OPV_BACOPA MONIERI!CALCIUM!CITICOLINE!FISH!FOLIC ACID!GINKGO BILOBA!MAGNESIUM!UBIDECARENONE_VIETNAM,BACOPA MONIERI!CALCIUM!CITICOLINE!FISH!FOLIC ACID!GINKGO BILOBA!MAGNESIUM!UBIDECARENONE,OPV,VIETNAM,HOSPITAL,,,0.0,8,0.0,11242997820866.627,False,False,False,False,1.7,41.1,High,Medium,GROWTH,📊 Stable growth (0%) | 🎯 Niche market ($0.0M) | 🏢 Share: 0.0% | ⚔️ Competitive (8 competitors) | ⚡ High volatility,High volatility: unstable MAT trajectory across periods | Generic erosion pressure: price decline with volume expansion | Limited market size: constrained opportunity and thin liquidity,MONITOR
142.0,28.061224489795915,34.38196462586184,Avoid,NOVARTIS PHARMA_OXCARBAZEPINE_VIETNAM,OXCARBAZEPINE,NOVARTIS PHARMA,VIETNAM,HOSPITAL,-5.8,-5.8,0.0,14,0.0,38.879,False,False,False,False,3.2,21.1,High,Low,GROWTH,📊 Stable growth (-6%) | 🎯 Niche market ($0.0M) | 🏢 Share: 0.0% | ⚔️ Competitive (14 competitors) | 📉 Price pressure (-35.0%) | ⚡ High volatility,High volatility: unstable MAT trajectory across periods | Generic erosion pressure: price decline with volume expansion | Limited market size: constrained opportunity and thin liquidity,MONITOR
143.0,27.55102040816326,34.03133711890992,Avoid,SANOFI VNX_VIGABATRIN_VIETNAM,VIGABATRIN,SANOFI VNX,VIETNAM,RETAIL,,,0.0,7,0.0,5154808434849.932,False,False,False,False,1.7,43.3,High,Medium,GROWTH,📊 Stable growth (0%) | 🎯 Niche market ($0.0M) | 🏢 Share: 0.0% | ⚔️ Competitive (7 competitors) | ⚡ High volatility,High volatility: unstable MAT trajectory across periods | Generic erosion pressure: price decline with volume expansion | Limited market size: constrained opportunity and thin liquidity,MONITOR
144.0,27.040816326530614,33.7292663815848,Avoid,SANOFI_VALPROIC ACID_VIETNAM,VALPROIC ACID,SANOFI,VIETNAM,RETAIL,80.0,80.0,0.0,1,20.7,1.621,False,False,False,False,1.9,11.4,High,Low,GROWTH,🔥 Strong growth (80%) | 🎯 Niche market ($0.0M) | 🏢 Share: 20.7% | 🛡️ Concentrated (1 competitors) | 📉 Price pressure (-16.4%) | ⚡ High volatility,High volatility: unstable MAT trajectory across periods | Generic erosion pressure: price decline with volume expansion | Limited market size: constrained opportunity and thin liquidity,NICHE_PARTNERSHIP
145.0,26.53061224489796,33.709194075315324,Avoid,GSK_LEVETIRACETAM_VIETNAM,LEVETIRACETAM,GSK,VIETNAM,HOSPITAL,51.8,51.8,0.1,1,39.9,0.773,False,False,False,False,1.3,11.8,High,Low,GROWTH,🔥 Strong growth (52%) | 🎯 Niche market ($0.1M) | 🏢 Share: 39.9% | 🛡️ Concentrated (1 competitors) | 📉 Price pressure (-17.8%) | ⚡ High volatility,High volatility: unstable MAT trajectory across periods | Generic erosion pressure: price decline with volume expansion | Limited market size: constrained opportunity and thin liquidity,NICHE_PARTNERSHIP
146.0,26.02040816326531,33.52216862776235,Avoid,NOVARTIS PHARMA_CARBAMAZEPINE_VIETNAM,CARBAMAZEPINE,NOVARTIS PHARMA,VIETNAM,RETAIL,-63.8,-63.8,0.0,1,0.5,0.238,False,False,False,False,2.7,20.1,High,Low,GROWTH,⚠️ Declining demand (-64%) | 🎯 Niche market ($0.0M) | 🏢 Share: 0.5% | 🛡️ Concentrated (1 competitors),Market decline: losing 64% revenue | Limited market size: constrained opportunity and thin liquidity,MONITOR
147.0,25.510204081632654,32.38155605582365,Avoid,NOVARTIS PHARMA_CARBIDOPA!ENTACAPONE!LEVODOPA_VIETNAM,CARBIDOPA!ENTACAPONE!LEVODOPA,NOVARTIS PHARMA,VIETNAM,HOSPITAL,,,0.0,7,0.1,9588367952889.584,False,False,False,False,1.9,49.4,Medium,Medium,GROWTH,📊 Stable growth (0%) | 🎯 Niche market ($0.0M) | 🏢 Share: 0.1% | ⚔️ Competitive (7 competitors) | ⚡ High volatility,High volatility: unstable MAT trajectory across periods | Generic erosion pressure: price decline with volume expansion | Limited market size: constrained opportunity and thin liquidity,MONITOR
148.0,25.0,31.759632384930782,Avoid,ZYDUS CADILA_LEVETIRACETAM_VIETNAM,LEVETIRACETAM,ZYDUS CADILA,VIETNAM,HOSPITAL,-16.1,-16.1,0.0,5,17.1,0.441,False,False,False,False,1.1,13.5,High,Low,GROWTH,⚠️ Declining demand (-16%) | 🎯 Niche market ($0.0M) | 🏢 Share: 17.1% | ⚔️ Competitive (5 competitors),Limited market size: constrained opportunity and thin liquidity,MONITOR
149.0,24.489795918367346,30.675269236018316,Avoid,EISAI_PERAMPANEL_VIETNAM,PERAMPANEL,EISAI,VIETNAM,HOSPITAL,45.5,45.5,0.1,5,55.8,0.518,False,False,False,False,6.5,30.1,High,Low,GROWTH,📊 Stable growth (46%) | 🎯 Niche market ($0.1M) | 🏢 Share: 55.8% | ⚔️ Competitive (5 competitors) | ⚡ High volatility,High volatility: unstable MAT trajectory across periods | Limited market size: constrained opportunity and thin liquidity,NICHE_PARTNERSHIP
150.0,23.97959183673469,30.56896467464916,Avoid,BOEH. INGEL_PRAMIPEXOLE_VIETNAM,PRAMIPEXOLE,BOEH. INGEL,VIETNAM,HOSPITAL,157.0,157.0,0.0,19,0.7,0.369,False,False,False,False,5.9,21.7,High,Low,GROWTH,🔥 Strong growth (157%) | 🎯 Niche market ($0.0M) | 🏢 Share: 0.7% | 🔀 Fragmented (19 competitors),Generic erosion pressure: price decline with volume expansion | Limited market size: constrained opportunity and thin liquidity,NICHE_PARTNERSHIP
151.0,23.46938775510204,29.40620408119078,Avoid,DANAPHA (TW5)_TRIHEXYPHENIDYL_VIETNAM,TRIHEXYPHENIDYL,DANAPHA (TW5),VIETNAM,RETAIL,1.5,1.5,0.5,19,13.3,0.057,False,False,False,False,3.6,24.1,High,Low,GROWTH,📊 Stable growth (1%) | 🎯 Niche market ($0.5M) | 🏢 Share: 13.3% | 🔀 Fragmented (19 competitors),Limited market size: constrained opportunity and thin liquidity,MONITOR
152.0,22.95918367346939,29.165130173633035,Avoid,SANOFI VNX_TRIHEXYPHENIDYL_VIETNAM,TRIHEXYPHENIDYL,SANOFI VNX,VIETNAM,RETAIL,5.0,5.0,0.0,19,0.2,0.122,False,False,False,False,1.3,24.4,High,Low,GROWTH,📊 Stable growth (5%) | 🎯 Niche market ($0.0M) | 🏢 Share: 0.2% | 🔀 Fragmented (19 competitors) | 📉 Price pressure (-11.1%),Limited market size: constrained opportunity and thin liquidity,MONITOR
153.0,22.448979591836736,28.942606164061175,Avoid,DAVI PHARM_TOPIRAMATE_VIETNAM,TOPIRAMATE,DAVI PHARM,VIETNAM,HOSPITAL,-68.5,-68.5,0.0,7,0.2,0.632,False,False,False,False,1.9,20.3,High,Low,GROWTH,⚠️ Declining demand (-69%) | 🎯 Niche market ($0.0M) | 🏢 Share: 0.2% | ⚔️ Competitive (7 competitors) | ⚡ High volatility,High volatility: unstable MAT trajectory across periods | Market decline: losing 69% revenue | Limited market size: constrained opportunity and thin liquidity,MONITOR
154.0,21.93877551020408,28.606253755848275,Avoid,BOEH. INGEL_PRAMIPEXOLE_VIETNAM,PRAMIPEXOLE,BOEH. INGEL,VIETNAM,RETAIL,500.0,500.0,0.2,7,8.2,4.549,False,False,False,False,0.7,20.0,High,Low,GROWTH,🔥 Strong growth (500%) | 🎯 Niche market ($0.2M) | 🏢 Share: 8.2% | ⚔️ Competitive (7 competitors) | ⚡ High volatility,High volatility: unstable MAT trajectory across periods | Generic erosion pressure: price decline with volume expansion | Limited market size: constrained opportunity and thin liquidity,NICHE_PARTNERSHIP
155.0,21.428571428571427,27.425273179362662,Avoid,ROCHE_BENSERAZIDE!LEVODOPA_VIETNAM,BENSERAZIDE!LEVODOPA,ROCHE,VIETNAM,RETAIL,141.6,141.6,0.0,19,0.7,0.595,False,False,False,False,9.4,27.0,High,Low,GROWTH,🔥 Strong growth (142%) | 🎯 Niche market ($0.0M) | 🏢 Share: 0.7% | 🔀 Fragmented (19 competitors) | ⚡ High volatility,High volatility: unstable MAT trajectory across periods | Generic erosion pressure: price decline with volume expansion | Limited market size: constrained opportunity and thin liquidity,NICHE_PARTNERSHIP
156.0,20.918367346938776,25.135556976244974,Avoid,JANSSEN-J&J GR VNX_TOPIRAMATE_VIETNAM,TOPIRAMATE,JANSSEN-J&J GR VNX,VIETNAM,RETAIL,,,0.0,14,0.0,106066017177.982,False,False,False,False,0.3,19.8,High,Low,GROWTH,📊 Stable growth (0%) | 🎯 Niche market ($0.0M) | 🏢 Share: 0.0% | ⚔️ Competitive (14 competitors) | ⚡ High volatility,High volatility: unstable MAT trajectory across periods | Generic erosion pressure: price decline with volume expansion | Limited market size: constrained opportunity and thin liquidity,MONITOR
157.0,20.408163265306122,24.575748306496855,Avoid,PHARMASCIENCE_TOPIRAMATE_VIETNAM,TOPIRAMATE,PHARMASCIENCE,VIETNAM,HOSPITAL,-66.7,-66.7,0.0,8,0.1,0.322,False,False,False,False,1.4,20.2,High,Low,GROWTH,⚠️ Declining demand (-67%) | 🎯 Niche market ($0.0M) | 🏢 Share: 0.1% | ⚔️ Competitive (8 competitors) | 💵 Pricing power (+21.6%),Generic erosion pressure: price decline with volume expansion | Market decline: losing 67% revenue | Limited market size: constrained opportunity and thin liquidity,MONITOR
158.0,19.897959183673468,23.560009788024516,Avoid,EISAI_PERAMPANEL_VIETNAM,PERAMPANEL,EISAI,VIETNAM,RETAIL,-91.1,-91.1,0.0,8,0.0,0.491,False,False,False,False,0.4,28.0,High,Low,GROWTH,⚠️ Declining demand (-91%) | 🎯 Niche market ($0.0M) | 🏢 Share: 0.0% | ⚔️ Competitive (8 competitors) | 💵 Pricing power (+66.3%),Generic erosion pressure: price decline with volume expansion | Market decline: losing 91% revenue | Limited market size: constrained opportunity and thin liquidity,MONITOR
159.0,19.387755102040817,23.361825946956642,Avoid,HASAN-DERMAPHARM_CARBIDOPA!LEVODOPA_VIETNAM,CARBIDOPA!LEVODOPA,HASAN-DERMAPHARM,VIETNAM,RETAIL,-4.3,-4.3,0.1,8,6.9,0.214,False,False,False,False,0.3,23.9,High,Low,GROWTH,📊 Stable growth (-4%) | 🎯 Niche market ($0.1M) | 🏢 Share: 6.9% | ⚔️ Competitive (8 competitors),Limited market size: constrained opportunity and thin liquidity,MONITOR
160.0,18.877551020408163,22.934633613429735,Avoid,ROCHE_BENSERAZIDE!LEVODOPA_VIETNAM,BENSERAZIDE!LEVODOPA,ROCHE,VIETNAM,HOSPITAL,-10.9,-10.9,0.1,8,5.7,0.276,False,False,False,False,10.9,28.7,High,Low,GROWTH,⚠️ Declining demand (-11%) | 🎯 Niche market ($0.1M) | 🏢 Share: 5.7% | ⚔️ Competitive (8 competitors),Limited market size: constrained opportunity and thin liquidity,MONITOR
161.0,18.367346938775512,21.41556526582427,Avoid,EISAI_PERAMPANEL_VIETNAM,PERAMPANEL,EISAI,VIETNAM,HOSPITAL,,,0.0,7,0.5,40821274477897.38,False,False,False,False,0.5,30.1,High,Low,GROWTH,📊 Stable growth (0%) | 🎯 Niche market ($0.0M) | 🏢 Share: 0.5% | ⚔️ Competitive (7 competitors) | ⚡ High volatility,High volatility: unstable MAT trajectory across periods | Generic erosion pressure: price decline with volume expansion | Limited market size: constrained opportunity and thin liquidity,MONITOR
162.0,17.857142857142858,21.401349283847786,Avoid,DANAPHA (TW5)_VALPROIC ACID_VIETNAM,VALPROIC ACID,DANAPHA (TW5),VIETNAM,RETAIL,,,0.1,7,1.9,122958798180526.02,False,False,False,False,0.1,15.2,High,Low,GROWTH,📊 Stable growth (0%) | 🎯 Niche market ($0.1M) | 🏢 Share: 1.9% | ⚔️ Competitive (7 competitors) | ⚡ High volatility,High volatility: unstable MAT trajectory across periods | Generic erosion pressure: price decline with volume expansion | Limited market size: constrained opportunity and thin liquidity,MONITOR
163.0,8.928571428571429,19.5,Avoid,BOSTON VN_PRAMIPEXOLE_VIETNAM,PRAMIPEXOLE,BOSTON VN,VIETNAM,HOSPITAL,,,0.0,19,0.1,16411948391339.057,False,False,False,False,0.1,28.9,Medium,Low,GROWTH,📊 Stable growth (0%) | 🎯 Niche market ($0.0M) | 🏢 Share: 0.1% | 🔀 Fragmented (19 competitors) | ⚡ High volatility,High volatility: unstable MAT trajectory across periods | Generic erosion pressure: price decline with volume expansion | Limited market size: constrained opportunity and thin liquidity,MONITOR
164.0,8.928571428571429,19.5,Avoid,BOSTON VN_PRAMIPEXOLE_VIETNAM,PRAMIPEXOLE,BOSTON VN,VIETNAM,HOSPITAL,46.4,46.4,0.0,19,0.6,0.077,False,False,False,False,0.1,31.2,Medium,Low,GROWTH,📊 Stable growth (46%) | 🎯 Niche market ($0.0M) | 🏢 Share: 0.6% | 🔀 Fragmented (19 competitors),Limited market size: constrained opportunity and thin liquidity,NICHE_PARTNERSHIP
165.0,8.928571428571429,19.5,Avoid,DANAPHA (TW5)_CARBAMAZEPINE_VIETNAM,CARBAMAZEPINE,DANAPHA (TW5),VIETNAM,HOSPITAL,268.3,268.3,0.1,7,1.2,0.718,False,False,False,False,0.8,25.5,Medium,Low,GROWTH,🔥 Strong growth (268%) | 🎯 Niche market ($0.1M) | 🏢 Share: 1.2% | ⚔️ Competitive (7 competitors) | ⚡ High volatility,High volatility: unstable MAT trajectory across periods | Generic erosion pressure: price decline with volume expansion | Limited market size: constrained opportunity and thin liquidity,NICHE_PARTNERSHIP
166.0,8.928571428571429,19.5,Avoid,DANAPHA (TW5)_PHENOBARBITAL_VIETNAM,PHENOBARBITAL,DANAPHA (TW5),VIETNAM,HOSPITAL,254.5,254.5,0.0,1,100.0,2481944801965.489,False,False,False,False,2.4,31.5,Medium,Low,GROWTH,🔥 Strong growth (255%) | 🎯 Niche market ($0.0M) | 🏢 Share: 100.0% | 🛡️ Concentrated (1 competitors) | ⚡ High volatility,Monopoly concentration (100.0% share) increases regulatory and pricing exposure | High volatility: unstable MAT trajectory across periods | Generic erosion pressure: price decline with volume expansion | Limited market size: constrained opportunity and thin liquidity,MONOPOLY_DEFENSE
167.0,8.928571428571429,19.5,Avoid,DANAPHA (TW5)_PHENOBARBITAL_VIETNAM,PHENOBARBITAL,DANAPHA (TW5),VIETNAM,HOSPITAL,-100.0,-100.0,0.0,14,0.0,0.707,False,False,False,False,0.1,35.1,Medium,Low,GROWTH,⚠️ Declining demand (-100%) | 🎯 Niche market ($0.0M) | 🏢 Share: 0.0% | ⚔️ Competitive (14 competitors) | ⚡ High volatility,High volatility: unstable MAT trajectory across periods | Generic erosion pressure: price decline with volume expansion | Market decline: losing 100% revenue | Limited market size: constrained opportunity and thin liquidity,MONITOR
168.0,8.928571428571429,19.5,Avoid,INCEPTA PHARMA_PHENOBARBITAL_VIETNAM,PHENOBARBITAL,INCEPTA PHARMA,VIETNAM,HOSPITAL,-39.2,-39.2,0.0,14,0.3,2.833,False,False,False,False,0.1,47.5,Medium,Low,GROWTH,⚠️ Declining demand (-39%) | 🎯 Niche market ($0.0M) | 🏢 Share: 0.3% | ⚔️ Competitive (14 competitors) | 💵 Pricing power (+24.9%) | ⚡ High volatility,High volatility: unstable MAT trajectory across periods | Generic erosion pressure: price decline with volume expansion | Market decline: losing 39% revenue | Limited market size: constrained opportunity and thin liquidity,MONITOR
169.0,8.928571428571429,19.5,Avoid,KHAPHARCO_TRIHEXYPHENIDYL_VIETNAM,TRIHEXYPHENIDYL,KHAPHARCO,VIETNAM,HOSPITAL,,,0.0,7,0.2,52912800436189.35,False,False,False,False,0.1,29.7,Medium,Low,GROWTH,📊 Stable growth (0%) | 🎯 Niche market ($0.0M) | 🏢 Share: 0.2% | ⚔️ Competitive (7 competitors) | ⚡ High volatility,High volatility: unstable MAT trajectory across periods | Generic erosion pressure: price decline with volume expansion | Limited market size: constrained opportunity and thin liquidity,MONITOR
170.0,8.928571428571429,19.5,Avoid,KOREAN DRUG_LEVETIRACETAM_VIETNAM,LEVETIRACETAM,KOREAN DRUG,VIETNAM,HOSPITAL,-30.4,-30.4,0.1,6,11.3,0.025,False,False,False,False,0.1,19.3,Medium,Low,GROWTH,⚠️ Declining demand (-30%) | 🎯 Niche market ($0.1M) | 🏢 Share: 11.3% | ⚔️ Competitive (6 competitors),Market decline: losing 30% revenue | Limited market size: constrained opportunity and thin liquidity,MONITOR
171.0,8.928571428571429,19.5,Avoid,MYUNG IN PHAM_VALPROIC ACID_VIETNAM,VALPROIC ACID,MYUNG IN PHAM,VIETNAM,HOSPITAL,-41.5,-41.5,0.0,6,8.1,0.008,False,False,False,False,0.1,19.7,Medium,Low,GROWTH,⚠️ Declining demand (-41%) | 🎯 Niche market ($0.0M) | 🏢 Share: 8.1% | ⚔️ Competitive (6 competitors),Market decline: losing 41% revenue | Limited market size: constrained opportunity and thin liquidity,MONITOR
172.0,8.928571428571429,19.5,Avoid,MYUNG IN PHAM_VALPROIC ACID_VIETNAM,VALPROIC ACID,MYUNG IN PHAM,VIETNAM,HOSPITAL,,,-0.0,1,0.0,7212489168104.158,False,False,False,False,0.3,21.9,Medium,Low,GROWTH,📊 Stable growth (0%) | 🎯 Niche market ($-0.0M) | 🏢 Share: 0.0% | 🛡️ Concentrated (1 competitors) | ⚡ High volatility,High volatility: unstable MAT trajectory across periods | Generic erosion pressure: price decline with volume expansion | Limited market size: constrained opportunity and thin liquidity,MONITOR
173.0,8.928571428571429,19.5,Avoid,PHARBACO (TW1)_PHENOBARBITAL_VIETNAM,PHENOBARBITAL,PHARBACO (TW1),VIETNAM,HOSPITAL,-100.0,-100.0,0.0,1,0.0,0.707,False,False,False,False,0.1,32.7,Medium,Low,GROWTH,⚠️ Declining demand (-100%) | 🎯 Niche market ($0.0M) | 🏢 Share: 0.0% | 🛡️ Concentrated (1 competitors) | ⚡ High volatility,High volatility: unstable MAT trajectory across periods | Generic erosion pressure: price decline with volume expansion | Market decline: losing 100% revenue | Limited market size: constrained opportunity and thin liquidity,MONITOR
174.0,8.928571428571429,19.5,Avoid,PYMEPHARCO_LEVETIRACETAM_VIETNAM,LEVETIRACETAM,PYMEPHARCO,VIETNAM,HOSPITAL,-30.6,-30.6,0.2,5,19.6,0.652,False,False,False,False,0.1,14.3,Medium,Low,GROWTH,⚠️ Declining demand (-31%) | 🎯 Niche market ($0.2M) | 🏢 Share: 19.6% | ⚔️ Competitive (5 competitors) | ⚡ High volatility,High volatility: unstable MAT trajectory across periods | Market decline: losing 31% revenue | Limited market size: constrained opportunity and thin liquidity,MONITOR
175.0,8.928571428571429,19.5,Avoid,PYMEPHARCO_LEVETIRACETAM_VIETNAM,LEVETIRACETAM,PYMEPHARCO,VIETNAM,HOSPITAL,142.8,142.8,0.0,5,1.3,1.747,False,False,False,False,0.1,19.3,Medium,Low,GROWTH,🔥 Strong growth (143%) | 🎯 Niche market ($0.0M) | 🏢 Share: 1.3% | ⚔️ Competitive (5 competitors) | ⚡ High volatility,High volatility: unstable MAT trajectory across periods | Generic erosion pressure: price decline with volume expansion | Limited market size: constrained opportunity and thin liquidity,NICHE_PARTNERSHIP
176.0,8.928571428571429,19.5,Avoid,PYMEPHARCO_PHENYTOIN_VIETNAM,PHENYTOIN,PYMEPHARCO,VIETNAM,HOSPITAL,500.0,500.0,0.0,8,0.2,68.035,False,False,False,False,0.1,31.4,Medium,Low,GROWTH,🔥 Strong growth (500%) | 🎯 Niche market ($0.0M) | 🏢 Share: 0.2% | ⚔️ Competitive (8 competitors) | ⚡ High volatility,High volatility: unstable MAT trajectory across periods | Generic erosion pressure: price decline with volume expansion | Limited market size: constrained opportunity and thin liquidity,NICHE_PARTNERSHIP
177.0,8.928571428571429,19.5,Avoid,SANDOZ_LEVETIRACETAM_VIETNAM,LEVETIRACETAM,SANDOZ,VIETNAM,HOSPITAL,500.0,500.0,0.0,19,0.3,0.689,False,False,False,False,0.1,12.4,Medium,Low,GROWTH,🔥 Strong growth (500%) | 🎯 Niche market ($0.0M) | 🏢 Share: 0.3% | 🔀 Fragmented (19 competitors) | 💵 Pricing power (+15.9%) | ⚡ High volatility,High volatility: unstable MAT trajectory across periods | Generic erosion pressure: price decline with volume expansion | Limited market size: constrained opportunity and thin liquidity,DIFFERENTIATION
178.0,8.928571428571429,19.5,Avoid,SUN PHARMA_TOPIRAMATE_VIETNAM,TOPIRAMATE,SUN PHARMA,VIETNAM,HOSPITAL,,,0.0,7,0.1,38438324625300.73,False,False,False,False,0.1,29.9,Medium,Low,GROWTH,📊 Stable growth (0%) | 🎯 Niche market ($0.0M) | 🏢 Share: 0.1% | ⚔️ Competitive (7 competitors) | ⚡ High volatility,High volatility: unstable MAT trajectory across periods | Generic erosion pressure: price decline with volume expansion | Limited market size: constrained opportunity and thin liquidity,MONITOR
179.0,8.928571428571429,19.5,Avoid,TORRENT_LEVETIRACETAM_VIETNAM,LEVETIRACETAM,TORRENT,VIETNAM,HOSPITAL,32.2,32.2,0.0,4,12.6,0.604,False,False,False,False,0.1,19.3,Medium,Low,GROWTH,📊 Stable growth (32%) | 🎯 Niche market ($0.0M) | 🏢 Share: 12.6% | ⚔️ Competitive (4 competitors) | ⚡ High volatility,High volatility: unstable MAT trajectory across periods | Limited market size: constrained opportunity and thin liquidity,NICHE_PARTNERSHIP
180.0,8.928571428571429,19.5,Avoid,TORRENT_LEVETIRACETAM_VIETNAM,LEVETIRACETAM,TORRENT,VIETNAM,HOSPITAL,-100.0,-100.0,0.0,6,0.0,0.793,False,False,False,False,0.1,19.3,Medium,Low,GROWTH,⚠️ Declining demand (-100%) | 🎯 Niche market ($0.0M) | 🏢 Share: 0.0% | ⚔️ Competitive (6 competitors) | ⚡ High volatility,High volatility: unstable MAT trajectory across periods | Generic erosion pressure: price decline with volume expansion | Market decline: losing 100% revenue | Limited market size: constrained opportunity and thin liquidity,MONITOR
181.0,8.928571428571429,19.5,Avoid,TORRENT_PRAMIPEXOLE_VIETNAM,PRAMIPEXOLE,TORRENT,VIETNAM,HOSPITAL,,,0.0,19,0.0,4108290398693.886,False,False,False,False,0.1,30.6,Medium,Low,GROWTH,📊 Stable growth (0%) | 🎯 Niche market ($0.0M) | 🏢 Share: 0.0% | 🔀 Fragmented (19 competitors) | ⚡ High volatility,High volatility: unstable MAT trajectory across periods | Generic erosion pressure: price decline with volume expansion | Limited market size: constrained opportunity and thin liquidity,MONITOR
182.0,8.928571428571429,19.5,Avoid,TORRENT_TOPIRAMATE_VIETNAM,TOPIRAMATE,TORRENT,VIETNAM,HOSPITAL,500.0,500.0,0.0,2,1.1,2.282,False,False,False,False,0.1,29.3,Medium,Low,GROWTH,🔥 Strong growth (500%) | 🎯 Niche market ($0.0M) | 🏢 Share: 1.1% | 🛡️ Concentrated (2 competitors) | 💵 Pricing power (+63.4%) | ⚡ High volatility,High volatility: unstable MAT trajectory across periods | Generic erosion pressure: price decline with volume expansion | Limited market size: constrained opportunity and thin liquidity,DIFFERENTIATION
183.0,8.928571428571429,19.5,Avoid,TORRENT_VALPROIC ACID_VIETNAM,VALPROIC ACID,TORRENT,VIETNAM,HOSPITAL,-64.2,-64.2,0.2,2,45.2,0.313,False,False,False,False,0.1,23.0,Medium,Low,GROWTH,⚠️ Declining demand (-64%) | 🎯 Niche market ($0.2M) | 🏢 Share: 45.2% | 🛡️ Concentrated (2 competitors) | 💵 Pricing power (+100.0%),Generic erosion pressure: price decline with volume expansion | Market decline: losing 64% revenue | Limited market size: constrained opportunity and thin liquidity,MONITOR
184.0,8.928571428571429,19.5,Avoid,ZYDUS CADILA_LEVETIRACETAM_VIETNAM,LEVETIRACETAM,ZYDUS CADILA,VIETNAM,HOSPITAL,,,0.0,2,1.4,50989469991361.945,False,False,False,False,0.1,19.3,Medium,Low,GROWTH,📊 Stable growth (0%) | 🎯 Niche market ($0.0M) | 🏢 Share: 1.4% | 🛡️ Concentrated (2 competitors) | ⚡ High volatility,High volatility: unstable MAT trajectory across periods | Generic erosion pressure: price decline with volume expansion | Limited market size: constrained opportunity and thin liquidity,MONITOR
185.0,8.928571428571429,19.5,Avoid,APOTEX INC._CARBAMAZEPINE_VIETNAM,CARBAMAZEPINE,APOTEX INC.,VIETNAM,RETAIL,-100.0,-100.0,0.0,1,0.0,0.707,False,False,False,False,0.1,32.5,Medium,Low,GROWTH,⚠️ Declining demand (-100%) | 🎯 Niche market ($0.0M) | 🏢 Share: 0.0% | 🛡️ Concentrated (1 competitors) | ⚡ High volatility,High volatility: unstable MAT trajectory across periods | Generic erosion pressure: price decline with volume expansion | Market decline: losing 100% revenue | Limited market size: constrained opportunity and thin liquidity,MONITOR
186.0,8.928571428571429,19.5,Avoid,S.C.ARENA GROUP_CARBAMAZEPINE_VIETNAM,CARBAMAZEPINE,S.C.ARENA GROUP,VIETNAM,RETAIL,228.4,228.4,0.0,1,100.0,2.275,False,False,False,False,0.1,32.5,Medium,Low,GROWTH,🔥 Strong growth (228%) | 🎯 Niche market ($0.0M) | 🏢 Share: 100.0% | 🛡️ Concentrated (1 competitors) | 📉 Price pressure (-20.6%) | ⚡ High volatility,Monopoly concentration (100.0% share) increases regulatory and pricing exposure | High volatility: unstable MAT trajectory across periods | Generic erosion pressure: price decline with volume expansion | Limited market size: constrained opportunity and thin liquidity,MONOPOLY_DEFENSE
187.0,8.928571428571429,19.5,Avoid,DAVI PHARM_LAMOTRIGINE_VIETNAM,LAMOTRIGINE,DAVI PHARM,VIETNAM,RETAIL,16.3,16.3,0.8,14,11.8,0.239,False,False,False,False,0.1,33.8,Medium,Low,GROWTH,📊 Stable growth (16%) | 🎯 Niche market ($0.8M) | 🏢 Share: 11.8% | ⚔️ Competitive (14 competitors),Limited market size: constrained opportunity and thin liquidity,NICHE_PARTNERSHIP
188.0,8.928571428571429,19.5,Avoid,DAVI PHARM_LEVETIRACETAM_VIETNAM,LEVETIRACETAM,DAVI PHARM,VIETNAM,RETAIL,-50.1,-50.1,0.1,14,2.0,0.026,False,False,False,False,0.1,19.3,Medium,Low,GROWTH,⚠️ Declining demand (-50%) | 🎯 Niche market ($0.1M) | 🏢 Share: 2.0% | ⚔️ Competitive (14 competitors) | 💵 Pricing power (+10.4%),Market decline: losing 50% revenue | Limited market size: constrained opportunity and thin liquidity,MONITOR
189.0,8.928571428571429,19.5,Avoid,DAVI PHARM_LEVETIRACETAM_VIETNAM,LEVETIRACETAM,DAVI PHARM,VIETNAM,RETAIL,72.9,72.9,0.1,14,1.5,0.677,False,False,False,False,0.1,13.3,Medium,Low,GROWTH,🔥 Strong growth (73%) | 🎯 Niche market ($0.1M) | 🏢 Share: 1.5% | ⚔️ Competitive (14 competitors) | ⚡ High volatility,High volatility: unstable MAT trajectory across periods | Limited market size: constrained opportunity and thin liquidity,NICHE_PARTNERSHIP
190.0,8.928571428571429,19.5,Avoid,JANSSEN-J&J GR VNX_TOPIRAMATE_VIETNAM,TOPIRAMATE,JANSSEN-J&J GR VNX,VIETNAM,RETAIL,-49.7,-49.7,0.0,4,4.4,0.646,False,False,False,False,0.1,22.5,Medium,Low,GROWTH,⚠️ Declining demand (-50%) | 🎯 Niche market ($0.0M) | 🏢 Share: 4.4% | ⚔️ Competitive (4 competitors) | ⚡ High volatility,High volatility: unstable MAT trajectory across periods | Market decline: losing 50% revenue | Limited market size: constrained opportunity and thin liquidity,MONITOR
191.0,8.928571428571429,19.5,Avoid,MYUNG IN PHAM_VALPROIC ACID_VIETNAM,VALPROIC ACID,MYUNG IN PHAM,VIETNAM,RETAIL,-16.9,-16.9,0.0,4,0.1,381837661841.443,False,False,False,False,0.1,23.0,Medium,Low,GROWTH,⚠️ Declining demand (-17%) | 🎯 Niche market ($0.0M) | 🏢 Share: 0.1% | ⚔️ Competitive (4 competitors) | ⚡ High volatility,High volatility: unstable MAT trajectory across periods | Limited market size: constrained opportunity and thin liquidity,MONITOR
192.0,8.928571428571429,19.5,Avoid,NOVARTIS PHARMA_CARBIDOPA!ENTACAPONE!LEVODOPA_VIETNAM,CARBIDOPA!ENTACAPONE!LEVODOPA,NOVARTIS PHARMA,VIETNAM,RETAIL,,,0.0,14,0.0,848528137424.564,False,False,False,False,0.1,38.5,Medium,Low,GROWTH,📊 Stable growth (0%) | 🎯 Niche market ($0.0M) | 🏢 Share: 0.0% | ⚔️ Competitive (14 competitors) | ⚡ High volatility,High volatility: unstable MAT trajectory across periods | Generic erosion pressure: price decline with volume expansion | Limited market size: constrained opportunity and thin liquidity,MONITOR
193.0,8.928571428571429,19.5,Avoid,PYMEPHARCO_CARBAMAZEPINE_VIETNAM,CARBAMAZEPINE,PYMEPHARCO,VIETNAM,RETAIL,,,0.0,1,100.0,9121677477304.672,False,False,False,False,0.1,26.1,Medium,Low,GROWTH,📊 Stable growth (0%) | 🎯 Niche market ($0.0M) | 🏢 Share: 100.0% | 🛡️ Concentrated (1 competitors) | ⚡ High volatility,Monopoly concentration (100.0% share) increases regulatory and pricing exposure | High volatility: unstable MAT trajectory across periods | Generic erosion pressure: price decline with volume expansion | Limited market size: constrained opportunity and thin liquidity,MONOPOLY_DEFENSE
194.0,8.928571428571429,19.5,Avoid,ROCHE VNX_CLONAZEPAM_VIETNAM,CLONAZEPAM,ROCHE VNX,VIETNAM,RETAIL,-97.8,-97.8,0.0,5,0.0,0.142,False,False,False,False,0.1,38.5,Medium,Low,GROWTH,⚠️ Declining demand (-98%) | 🎯 Niche market ($0.0M) | 🏢 Share: 0.0% | ⚔️ Competitive (5 competitors),Generic erosion pressure: price decline with volume expansion | Market decline: losing 98% revenue | Limited market size: constrained opportunity and thin liquidity,MONITOR
195.0,8.928571428571429,19.5,Avoid,SAVIPHARM_LAMOTRIGINE_VIETNAM,LAMOTRIGINE,SAVIPHARM,VIETNAM,RETAIL,,,0.0,8,0.0,7155920625608.568,False,False,False,False,0.1,29.9,Medium,Low,GROWTH,📊 Stable growth (0%) | 🎯 Niche market ($0.0M) | 🏢 Share: 0.0% | ⚔️ Competitive (8 competitors) | ⚡ High volatility,High volatility: unstable MAT trajectory across periods | Generic erosion pressure: price decline with volume expansion | Limited market size: constrained opportunity and thin liquidity,MONITOR
196.0,8.928571428571429,19.5,Avoid,SERVIER_PIRIBEDIL_VIETNAM,PIRIBEDIL,SERVIER,VIETNAM,RETAIL,-100.0,-100.0,0.0,1,0.0,0.707,False,False,False,False,0.1,38.5,Medium,Low,GROWTH,⚠️ Declining demand (-100%) | 🎯 Niche market ($0.0M) | 🏢 Share: 0.0% | 🛡️ Concentrated (1 competitors) | ⚡ High volatility,High volatility: unstable MAT trajectory across periods | Generic erosion pressure: price decline with volume expansion | Market decline: losing 100% revenue | Limited market size: constrained opportunity and thin liquidity,MONITOR
